VID,TIME,2201,2614,2615,2613,2603,2606,2304,2609,2612,2202,2502,2503,2507,MESSAGETYPE,ISFILTER,2210,2912,2608,VTYPE,CTYPE,2607,2002,2604,2003,2605,2602,2601,2910,2911,2505,2209,2208,2103,2101,2102,2203,2504,2501,2901,2902,2903,2904,2801,2905,2906,2616,2907,2617,2908,2611,2808,2802,2804,2610,10002,10005,10003,10004,2909,2303,2305,2306,2301,2302,2001,2000,2004,2005,2110,2111,2112,2113,2114,2115,2116,2117,2118,2119,2120,2121,2204,2205,2206,2207,2211,2212,3201,2213,2214,2307,2308,2309,2310,2311,2401,2402,2403,2404,2405,2406,2407,2408,2409,2410,2411,2412,2413,2506,7615,2618,2701,2702,3801,2803,2805,2806,2807,2809,2913,2914,2915,2916,2917,2918,2919,2930,2920,2921,2922,2923,2924,basePath
0a8de371ad684895bdc163c770eabbe2,20190318111522,405,63,85,3890,4054,4043,,13,12,33090,,,NA,REALTIME,,,0,24,402882d2605055e9016053981adb38b5,2_1_1,1,,1,,58,2,1,0,0,,,,,,,14,,,0,0,0,0,,0,0,,0,2595,,18,0,,0,1,1,1552879036687,0,130,0,,,,3,,,20190318111522,,,,,,,,,,,,,,,0,1,,,,,1,1,1,2,MjMwOToxLDIzMTA6MSwyMzAyOjcwLDIzMDM6MjIzNDcsMjMxMToyMDAzNSwyMzA0Ojc1LDIzMDU6Mzg4MCwyMzA2OjEwMDMw|MjMwOToyLDIzMTA6NCwyMzAyOjU5LDIzMDM6MjAwMDAsMjMxMToyMDAwMCwyMzA0OjU3LDIzMDU6Mzg5MCwyMzA2OjEwMDAw,,,,,,,,,,,,,,,,,,85,,,,0,,,,,,0,0,0,0,0,0,0,0,0,0,,0,,20190318
0a8de371ad684895bdc163c770eabbe2,20190318111822,80,-2,84,3900,4067,4057,,13,12,33100,,,NA,REALTIME,,,0,24,402882d2605055e9016053981adb38b5,2_1_1,1,,1,,58,20,1,0,0,,,,,,,14,,,0,0,0,0,,0,0,,0,2617,,10,0,,0,1,1,1552879307108,0,140,0,,,,2,,,20190318111822,,,,,,,,,,,,,,,1,0,,,,,1,1,1,2,MjMwOToxLDIzMTA6MiwyMzAyOjcwLDIzMDM6MjA0NDksMjMxMToxOTkwMCwyMzA0Ojc1LDIzMDU6Mzg4MCwyMzA2Ojk5OTA=|MjMwOToyLDIzMTA6NCwyMzAyOjYwLDIzMDM6MjAwMDAsMjMxMToyMDAwMCwyMzA0OjU4LDIzMDU6Mzg5MCwyMzA2OjEwMDAw,,,,,,,,,,,,,,,,,,84,,,,0,,,,,,0,0,0,0,0,0,0,0,0,0,,0,,20190318
0a8de371ad684895bdc163c770eabbe2,20190318081221,0,10,87,3935,4102,4091,,13,12,33000,,,NA,REALTIME,,,0,15,402882d2605055e9016053981adb38b5,2_1_1,1,,1,,32,68,1,0,0,,,,,,,14,,,0,0,0,0,,0,0,,0,2605,,24,0,,0,1,1,1552868031282,0,40,0,,,,3,,,20190318081221,,,,,,,,,,,,,,,1,1,,,,,1,1,1,2,MjMwOToxLDIzMTA6MSwyMzAyOjYzLDIzMDM6MjAwMDEsMjMxMToyMDA3MCwyMzA0OjY4LDIzMDU6MzkxMCwyMzA2OjEwMDAw|MjMwOToyLDIzMTA6NCwyMzAyOjU4LDIzMDM6MjAwMDAsMjMxMToyMDAwMCwyMzA0OjU2LDIzMDU6MzkzMCwyMzA2OjEwMDAw,,,,,,,,,,,,,,,,,,87,,,,0,,,,,,0,0,0,0,0,0,0,0,0,0,,0,,20190318
0a8de371ad684895bdc163c770eabbe2,20190318181706,3,78,79,3832,3996,3987,,17,16,33320,,,NA,REALTIME,,,0,24,402882d2605055e9016053981adb38b5,2_1_1,1,,1,,32,75,1,0,0,,,,,,,13,,,0,0,0,0,,0,0,,0,2602,,22,0,,0,1,1,1552904691579,0,360,0,,,,3,,,20190318181706,,,,,,,,,,,,,,,0,1,,,,,1,1,1,2,MjMwOToxLDIzMTA6MSwyMzAyOjg5LDIzMDM6MTk5NzQsMjMxMToxODYyMCwyMzA0Ojc4LDIzMDU6MzgxMCwyMzA2OjEwMDIw|MjMwOToyLDIzMTA6NCwyMzAyOjY4LDIzMDM6MjAwMDEsMjMxMToyMDAwMCwyMzA0OjY3LDIzMDU6MzgyMCwyMzA2OjEwMDAw,,,,,,,,,,,,,,,,,,79,,,,0,,,,,,0,0,0,0,0,0,0,0,0,0,,0,,20190318
0a8de371ad684895bdc163c770eabbe2,20190318080321,0,11,88,3937,4106,4096,,13,12,32990,,,NA,REALTIME,,,0,23,402882d2605055e9016053981adb38b5,2_1_1,1,,1,,32,68,1,0,0,,,,,,,14,,,0,0,0,0,,0,0,,0,2580,,24,0,,0,1,1,1552867578915,0,30,0,,,,3,,,20190318080321,,,,,,,,,,,,,,,1,1,,,,,1,1,1,2,MjMwOToxLDIzMTA6MSwyMzAyOjY0LDIzMDM6MjAwMDEsMjMxMToyMDEyMCwyMzA0Ojc4LDIzMDU6MzkyMCwyMzA2OjEwMDAw|MjMwOToyLDIzMTA6NCwyMzAyOjU2LDIzMDM6MjAwMDEsMjMxMToyMDAwMCwyMzA0OjU2LDIzMDU6MzkzMCwyMzA2OjEwMDAw,,,,,,,,,,,,,,,,,,88,,,,0,,,,,,0,0,0,0,0,0,0,0,0,0,,0,,20190318
0a8de371ad684895bdc163c770eabbe2,20190318075921,255,723,88,3892,4062,4051,,13,12,32990,,,NA,REALTIME,,,0,15,402882d2605055e9016053981adb38b5,2_1_1,1,,1,,58,94,1,0,0,,,,,,,14,,,0,0,0,0,,0,0,,0,2617,,24,0,,0,1,1,1552867314127,0,30,0,,,,3,,,20190318075921,,,,,,,,,,,,,,,0,1,,,,,1,1,1,2,MjMwOToxLDIzMTA6MSwyMzAyOjg5LDIzMDM6MjE1NDMsMjMxMToyMTQ5NSwyMzA0OjY5LDIzMDU6Mzg3MCwyMzA2OjEwNzMw|MjMwOToyLDIzMTA6NCwyMzAyOjU2LDIzMDM6MjAwMzAsMjMxMToyMDAwMCwyMzA0OjU1LDIzMDU6Mzg4MCwyMzA2OjEwMDAw,,,,,,,,,,,,,,,,,,88,,,,0,,,,,,0,0,0,0,0,0,0,0,0,0,,0,,20190318
0a8de371ad684895bdc163c770eabbe2,20190318083018,74,270,87,3907,4075,4065,,13,12,33020,,,NA,REALTIME,,,0,19,402882d2605055e9016053981adb38b5,2_1_1,1,,1,,49,68,1,0,0,,,,,,,14,,,0,0,0,0,,0,0,,0,2597,,24,0,,0,1,1,1552869140563,0,60,0,,,,3,,,20190318083018,,,,,,,,,,,,,,,0,1,,,,,1,1,1,2,MjMwOToxLDIzMTA6MSwyMzAyOjcyLDIzMDM6MjA0ODAsMjMxMToyMTI3NSwyMzA0OjY3LDIzMDU6Mzg5MCwyMzA2OjEwMjMw|MjMwOToyLDIzMTA6NCwyMzAyOjUzLDIzMDM6MjAwMDAsMjMxMToyMDAwMCwyMzA0OjU2LDIzMDU6MzkwMCwyMzA2OjEwMDAw,,,,,,,,,,,,,,,,,,87,,,,0,,,,,,0,0,0,0,0,0,0,0,0,0,,0,,20190318
0a8de371ad684895bdc163c770eabbe2,20190318111222,0,10,85,3907,4075,4065,,13,12,33070,,,NA,REALTIME,,,0,24,402882d2605055e9016053981adb38b5,2_1_1,1,,1,,32,68,1,0,0,,,,,,,14,,,0,0,0,0,,0,0,,0,2590,,20,0,,0,1,1,1552878957403,0,110,0,,,,3,,,20190318111222,,,,,,,,,,,,,,,1,1,,,,,1,1,1,2,MjMwOToxLDIzMTA6MSwyMzAyOjY0LDIzMDM6MjAwMDAsMjMxMToyMDEyMCwyMzA0OjcwLDIzMDU6Mzg5MCwyMzA2OjEwMDAw|MjMwOToyLDIzMTA6NCwyMzAyOjU3LDIzMDM6MjAwMDEsMjMxMToyMDAwMCwyMzA0OjU3LDIzMDU6MzkwMCwyMzA2OjEwMDAw,,,,,,,,,,,,,,,,,,85,,,,0,,,,,,0,0,0,0,0,0,0,0,0,0,,0,,20190318
0a8de371ad684895bdc163c770eabbe2,20190318181406,,,,,,,,,,,,,NA,REALTIME,,,,,,2_1_1,,,,,,,,,,,,,,,,,,,,,,,,,,,,,,,,,,,1,1552904652884,0,,,,,,,,,20190318181406,,,,,,,,,,,,,,,,,,,,,,,,,,,,,,,,,,,,,,,,,,,,,,,,,,,,,,,,,,,,,,,,,,20190318
0a8de371ad684895bdc163c770eabbe2,20190318110952,0,11,85,3910,4077,4067,,13,12,33070,,,NA,REALTIME,,,0,23,402882d2605055e9016053981adb38b5,2_1_1,1,,1,,8,64,1,0,0,,,,,,,14,,,0,0,0,0,,0,0,,0,2605,,24,0,,0,1,1,1552878901453,0,110,0,,,,3,,,20190318110952,,,,,,,,,,,,,,,1,1,,,,,1,1,1,2,MjMwOToxLDIzMTA6MSwyMzAyOjYyLDIzMDM6MjAwMDEsMjMxMToyMDExMCwyMzA0OjYzLDIzMDU6MzkwMCwyMzA2OjEwMDAw|MjMwOToyLDIzMTA6NCwyMzAyOjU1LDIzMDM6MjAwMDAsMjMxMToyMDAwMCwyMzA0OjU3LDIzMDU6MzkxMCwyMzA2OjEwMDAw,,,,,,,,,,,,,,,,,,85,,,,0,,,,,,0,0,0,0,0,0,0,0,0,0,,0,,20190318
0a8de371ad684895bdc163c770eabbe2,20190318080551,0,12,88,3937,4106,4096,,13,12,33000,,,NA,REALTIME,,,0,15,402882d2605055e9016053981adb38b5,2_1_1,1,,1,,32,68,1,0,0,,,,,,,14,,,0,0,0,0,,0,0,,0,2602,,24,0,,0,1,1,1552867777812,0,40,0,,,,3,,,20190318080551,,,,,,,,,,,,,,,1,1,,,,,1,1,1,2,MjMwOToxLDIzMTA6MSwyMzAyOjY1LDIzMDM6MjAwMDUsMjMxMToyMDE5MCwyMzA0OjY5LDIzMDU6MzkyMCwyMzA2OjEwMDAw|MjMwOToyLDIzMTA6NCwyMzAyOjU3LDIzMDM6MjAwMDEsMjMxMToyMDAwMCwyMzA0OjU2LDIzMDU6MzkzMCwyMzA2OjEwMDAw,,,,,,,,,,,,,,,,,,88,,,,0,,,,,,0,0,0,0,0,0,0,0,0,0,,0,,20190318
0a8de371ad684895bdc163c770eabbe2,20190318081751,327,-465,87,3955,4122,4107,,13,12,33010,,,NA,REALTIME,,,0,23,402882d2605055e9016053981adb38b5,2_1_1,1,,1,,90,75,1,0,0,,,,,,,14,,,0,0,0,0,,0,0,,0,2612,,24,0,,0,1,1,1552868394922,0,50,0,,,,2,,,20190318081751,,,,,,,,,,,,,,,1,0,,,,,1,1,1,2,MjMwOToxLDIzMTA6MiwyMzAyOjc4LDIzMDM6MjE4NDEsMjMxMToxODg1MCwyMzA0OjcyLDIzMDU6Mzk0MCwyMzA2Ojk1MjA=|MjMwOToyLDIzMTA6NCwyMzAyOjU1LDIzMDM6MjAwMDAsMjMxMToyMDAwMCwyMzA0OjU3LDIzMDU6Mzk1MCwyMzA2OjEwMDAw,,,,,,,,,,,,,,,,,,87,,,,0,,,,,,0,0,0,0,0,0,0,0,0,0,,0,,20190318
0a8de371ad684895bdc163c770eabbe2,20190318080751,190,9,88,3935,4103,4093,,13,12,33000,,,NA,REALTIME,,,0,15,402882d2605055e9016053981adb38b5,2_1_1,1,,1,,32,68,1,0,0,,,,,,,14,,,0,0,0,0,,0,0,,0,2602,,24,0,,0,1,1,1552867819237,0,40,0,,,,3,,,20190318080751,,,,,,,,,,,,,,,0,0,,,,,1,1,1,2,MjMwOToxLDIzMTA6MSwyMzAyOjY2LDIzMDM6MjEwODUsMjMxMToyMDAwMCwyMzA0OjY4LDIzMDU6MzkyMCwyMzA2OjEwMDAw|MjMwOToyLDIzMTA6NCwyMzAyOjU3LDIzMDM6MjAwMDAsMjMxMToyMDAwMCwyMzA0OjU2LDIzMDU6MzkzMCwyMzA2OjEwMDAw,,,,,,,,,,,,,,,,,,88,,,,0,,,,,,0,0,0,0,0,0,0,0,0,0,,0,,20190318
0a8de371ad684895bdc163c770eabbe2,20190318083718,268,-118,86,3925,4091,4081,,13,12,33040,,,NA,REALTIME,,,0,23,402882d2605055e9016053981adb38b5,2_1_1,1,,1,,5,30,1,0,0,,,,,,,14,,,0,0,0,0,,0,0,,0,2612,,24,0,,0,1,1,1552869707801,0,80,0,,,,2,,,20190318083718,,,,,,,,,,,,,,,1,0,,,,,1,1,1,2,MjMwOToxLDIzMTA6MiwyMzAyOjcwLDIzMDM6MjE1NTcsMjMxMToxOTY1MCwyMzA0OjgwLDIzMDU6MzkxMCwyMzA2Ojk4ODA=|MjMwOToyLDIzMTA6NCwyMzAyOjU2LDIzMDM6MjAwMDEsMjMxMToyMDAwMCwyMzA0OjU1LDIzMDU6MzkyMCwyMzA2OjEwMDAw,,,,,,,,,,,,,,,,,,86,,,,0,,,,,,0,0,0,0,0,0,0,0,0,0,,0,,20190318
0a8de371ad684895bdc163c770eabbe2,20190318080421,50,8,88,3937,4105,4094,,13,12,33000,,,NA,REALTIME,,,0,15,402882d2605055e9016053981adb38b5,2_1_1,1,,1,,32,2,1,0,0,,,,,,,14,,,0,0,0,0,,0,0,,0,2600,,24,0,,0,1,1,1552867749561,0,40,0,,,,3,,,20190318080421,,,,,,,,,,,,,,,1,0,,,,,1,1,1,2,MjMwOToxLDIzMTA6MSwyMzAyOjczLDIzMDM6MjAyODEsMjMxMToyMDAwMCwyMzA0Ojc1LDIzMDU6MzkyMCwyMzA2OjEwMDAw|MjMwOToyLDIzMTA6NCwyMzAyOjU3LDIzMDM6MjAwMDAsMjMxMToyMDAwMCwyMzA0OjU2LDIzMDU6MzkzMCwyMzA2OjEwMDAw,,,,,,,,,,,,,,,,,,88,,,,0,,,,,,0,0,0,0,0,0,0,0,0,0,,0,,20190318
0a8de371ad684895bdc163c770eabbe2,20190318111852,406,70,84,3890,4056,4046,,13,12,33100,,,NA,REALTIME,,,0,24,402882d2605055e9016053981adb38b5,2_1_1,1,,1,,96,69,1,0,0,,,,,,,14,,,0,0,0,0,,0,0,,0,2617,,10,0,,0,1,1,1552879314229,0,140,0,,,,3,,,20190318111852,,,,,,,,,,,,,,,0,1,,,,,1,1,1,2,MjMwOToxLDIzMTA6MSwyMzAyOjY5LDIzMDM6MjIzNTcsMjMxMToyMDA4NSwyMzA0Ojc1LDIzMDU6Mzg3MCwyMzA2OjEwMDYw|MjMwOToyLDIzMTA6NCwyMzAyOjYwLDIzMDM6MjAwMDAsMjMxMToyMDAwMCwyMzA0OjU4LDIzMDU6Mzg4MCwyMzA2OjEwMDAw,,,,,,,,,,,,,,,,,,84,,,,0,,,,,,0,0,0,0,0,0,0,0,0,0,,0,,20190318
0a8de371ad684895bdc163c770eabbe2,20190318075151,0,9,88,3947,4115,4105,,13,12,32980,,,NA,REALTIME,,,0,23,402882d2605055e9016053981adb38b5,2_1_1,1,,1,,96,20,1,0,0,,,,,,,14,,,0,0,0,0,,0,0,,0,2595,,24,0,,0,1,1,1552866938471,0,20,0,,,,3,,,20190318075151,,,,,,,,,,,,,,,1,1,,,,,1,1,1,2,MjMwOToxLDIzMTA6MSwyMzAyOjYwLDIzMDM6MjAwMDEsMjMxMToyMDA2MCwyMzA0OjcwLDIzMDU6MzkzMCwyMzA2OjEwMDAw|MjMwOToyLDIzMTA6NCwyMzAyOjU0LDIzMDM6MjAwMDAsMjMxMToyMDAwMCwyMzA0OjU1LDIzMDU6Mzk0MCwyMzA2OjEwMDAw,,,,,,,,,,,,,,,,,,88,,,,0,,,,,,0,0,0,0,0,0,0,0,0,0,,0,,20190318
0a8de371ad684895bdc163c770eabbe2,20190318075251,0,8,88,3942,4112,4102,,13,12,32980,,,NA,REALTIME,,,0,23,402882d2605055e9016053981adb38b5,2_1_1,1,,1,,32,94,1,0,0,,,,,,,15,,,0,0,0,0,,0,0,,0,2565,,24,0,,0,1,1,1552867014192,0,20,0,,,,3,,,20190318075251,,,,,,,,,,,,,,,1,1,,,,,1,1,1,2,MjMwOToxLDIzMTA6NCwyMzAyOjY0LDIzMDM6MjAwMDAsMjMxMToyMDAwNSwyMzA0OjczLDIzMDU6MzkzMCwyMzA2OjEwMDAw|MjMwOToyLDIzMTA6NCwyMzAyOjU1LDIzMDM6MjAwMDAsMjMxMToyMDAwMCwyMzA0OjU1LDIzMDU6Mzk0MCwyMzA2OjEwMDAw,,,,,,,,,,,,,,,,,,88,,,,0,,,,,,0,0,0,0,0,0,0,0,0,0,,0,,20190318
0a8de371ad684895bdc163c770eabbe2,20190318111552,401,-205,85,3910,4077,4066,,13,12,33090,,,NA,REALTIME,,,0,24,402882d2605055e9016053981adb38b5,2_1_1,1,,1,,32,94,1,0,0,,,,,,,14,,,0,0,0,0,,0,0,,0,2615,,18,0,,0,1,1,1552879048855,0,130,0,,,,2,,,20190318111552,,,,,,,,,,,,,,,1,0,,,,,1,1,1,2,MjMwOToxLDIzMTA6MiwyMzAyOjcwLDIzMDM6MjIzMjMsMjMxMToxOTYxNSwyMzA0Ojc1LDIzMDU6Mzg5MCwyMzA2Ojk3ODA=|MjMwOToyLDIzMTA6NCwyMzAyOjU5LDIzMDM6MjAwMTgsMjMxMToyMDAwMCwyMzA0OjU3LDIzMDU6MzkwMCwyMzA2OjEwMDAw,,,,,,,,,,,,,,,,,,85,,,,0,,,,,,0,0,0,0,0,0,0,0,0,0,,0,,20190318
0a8de371ad684895bdc163c770eabbe2,20190318111222,0,10,85,3907,4075,4065,,13,12,33070,,,NA,REALTIME,,,0,24,402882d2605055e9016053981adb38b5,2_1_1,1,,1,,32,68,1,0,0,,,,,,,14,,,0,0,0,0,,0,0,,0,2590,,20,0,,0,1,1,1552878960453,0,110,0,,,,3,,,20190318111222,,,,,,,,,,,,,,,1,1,,,,,1,1,1,2,MjMwOToxLDIzMTA6MSwyMzAyOjY0LDIzMDM6MjAwMDAsMjMxMToyMDEyMCwyMzA0OjcwLDIzMDU6Mzg5MCwyMzA2OjEwMDAw|MjMwOToyLDIzMTA6NCwyMzAyOjU3LDIzMDM6MjAwMDEsMjMxMToyMDAwMCwyMzA0OjU3LDIzMDU6MzkwMCwyMzA2OjEwMDAw,,,,,,,,,,,,,,,,,,85,,,,0,,,,,,0,0,0,0,0,0,0,0,0,0,,0,,20190318
0a8de371ad684895bdc163c770eabbe2,20190318075821,0,10,88,3942,4111,4101,,13,12,32980,,,NA,REALTIME,,,0,15,402882d2605055e9016053981adb38b5,2_1_1,1,,1,,32,68,1,0,0,,,,,,,14,,,0,0,0,0,,0,0,,0,2602,,24,0,,0,1,1,1552867252522,0,20,0,,,,3,,,20190318075821,,,,,,,,,,,,,,,1,1,,,,,1,1,1,2,MjMwOToxLDIzMTA6MSwyMzAyOjYwLDIzMDM6MjAwMDAsMjMxMToyMDA1MCwyMzA0OjY0LDIzMDU6MzkzMCwyMzA2OjEwMDAw|MjMwOToyLDIzMTA6NCwyMzAyOjU2LDIzMDM6MjAwMDAsMjMxMToyMDAwMCwyMzA0OjU1LDIzMDU6Mzk0MCwyMzA2OjEwMDAw,,,,,,,,,,,,,,,,,,88,,,,0,,,,,,0,0,0,0,0,0,0,0,0,0,,0,,20190318
0a8de371ad684895bdc163c770eabbe2,20190318075121,0,9,88,3947,4115,4105,,13,12,32980,,,NA,REALTIME,,,0,23,402882d2605055e9016053981adb38b5,2_1_1,1,,1,,32,68,1,0,0,,,,,,,14,,,0,0,0,0,,0,0,,0,2595,,24,0,,0,1,1,1552866930336,0,20,0,,,,3,,,20190318075121,,,,,,,,,,,,,,,1,1,,,,,1,1,1,2,MjMwOToxLDIzMTA6MSwyMzAyOjU4LDIzMDM6MjAwMDEsMjMxMToyMDAzNSwyMzA0OjcyLDIzMDU6MzkzMCwyMzA2OjEwMDAw|MjMwOToyLDIzMTA6NCwyMzAyOjU0LDIzMDM6MjAwMDAsMjMxMToyMDAwMCwyMzA0OjU1LDIzMDU6Mzk0MCwyMzA2OjEwMDAw,,,,,,,,,,,,,,,,,,88,,,,0,,,,,,0,0,0,0,0,0,0,0,0,0,,0,,20190318
0a8de371ad684895bdc163c770eabbe2,20190318084018,0,9,86,3912,4080,4070,,13,12,33050,,,NA,REALTIME,,,0,23,402882d2605055e9016053981adb38b5,2_1_1,1,,1,,32,68,1,0,0,,,,,,,15,,,0,0,0,0,,0,0,,0,2597,,24,0,,0,1,1,1552869738169,0,90,0,,,,3,,,20190318084018,,,,,,,,,,,,,,,1,0,,,,,1,1,1,2,MjMwOToxLDIzMTA6NCwyMzAyOjYxLDIzMDM6MjAwMDEsMjMxMToyMDAwMCwyMzA0Ojc5LDIzMDU6MzkwMCwyMzA2OjEwMDAw|MjMwOToyLDIzMTA6NCwyMzAyOjU3LDIzMDM6MjAwMDAsMjMxMToyMDAwMCwyMzA0OjU2LDIzMDU6MzkxMCwyMzA2OjEwMDAw,,,,,,,,,,,,,,,,,,86,,,,0,,,,,,0,0,0,0,0,0,0,0,0,0,,0,,20190318
0a8de371ad684895bdc163c770eabbe2,20190318075451,222,-9,88,3942,4110,4100,,13,12,32980,,,NA,REALTIME,,,0,15,402882d2605055e9016053981adb38b5,2_1_1,1,,1,,32,68,1,0,0,,,,,,,14,,,0,0,0,0,,0,0,,0,2595,,24,0,,0,1,1,1552867039445,0,20,0,,,,2,,,20190318075451,,,,,,,,,,,,,,,1,0,,,,,1,1,1,2,MjMwOToxLDIzMTA6MiwyMzAyOjY2LDIzMDM6MjEyOTIsMjMxMToxOTk0MCwyMzA0OjcyLDIzMDU6MzkzMCwyMzA2Ojk5ODA=|MjMwOToyLDIzMTA6NCwyMzAyOjU1LDIzMDM6MjAwMDAsMjMxMToyMDAwMCwyMzA0OjU1LDIzMDU6Mzk0MCwyMzA2OjEwMDAw,,,,,,,,,,,,,,,,,,88,,,,0,,,,,,0,0,0,0,0,0,0,0,0,0,,0,,20190318
0a8de371ad684895bdc163c770eabbe2,20190318112052,281,-109,84,3902,4067,4058,,13,12,33110,,,NA,REALTIME,,,0,24,402882d2605055e9016053981adb38b5,2_1_1,1,,1,,32,94,1,0,0,,,,,,,14,,,0,0,0,0,,0,0,,0,2595,,10,0,,0,1,1,1552879339572,0,150,0,,,,2,,,20190318112052,,,,,,,,,,,,,,,1,0,,,,,1,1,1,2,MjMwOToxLDIzMTA6MiwyMzAyOjcwLDIzMDM6MjE2MjksMjMxMToxOTY4NSwyMzA0OjczLDIzMDU6Mzg4MCwyMzA2Ojk4OTA=|MjMwOToyLDIzMTA6NCwyMzAyOjYxLDIzMDM6MjAwMDEsMjMxMToyMDAwMCwyMzA0OjU5LDIzMDU6Mzg5MCwyMzA2OjEwMDAw,,,,,,,,,,,,,,,,,,84,,,,0,,,,,,0,0,0,0,0,0,0,0,0,0,,0,,20190318
0a8de371ad684895bdc163c770eabbe2,20190318074021,255,280,89,3935,4104,4083,,12,12,32960,,,NA,REALTIME,,,0,24,402882d2605055e9016053981adb38b5,2_1_1,1,,1,,18,69,1,0,0,,,,,,,14,,,0,0,0,0,,0,0,,0,2585,,24,0,,0,1,1,1552866186396,0,0,0,,,,3,,,20190318074021,,,,,,,,,,,,,,,0,1,,,,,1,1,1,2,MjMwOToxLDIzMTA6MSwyMzAyOjY4LDIzMDM6MjE1MDYsMjMxMToyMDUwNSwyMzA0OjU0LDIzMDU6MzkyMCwyMzA2OjEwMjQw|MjMwOToyLDIzMTA6NCwyMzAyOjUwLDIzMDM6MjAwMzcsMjMxMToyMDAwMCwyMzA0OjUyLDIzMDU6MzkyMCwyMzA2OjEwMDAw,,,,,,,,,,,,,,,,,,89,,,,0,,,,,,0,0,0,0,0,0,0,0,0,0,,0,,20190318
0a8de371ad684895bdc163c770eabbe2,20190318111322,513,50,85,3897,4064,4054,,13,12,33080,,,NA,REALTIME,,,0,24,402882d2605055e9016053981adb38b5,2_1_1,1,,1,,58,20,1,0,0,,,,,,,14,,,0,0,0,0,,0,0,,0,2587,,20,0,,0,1,1,1552878971619,0,120,0,,,,3,,,20190318111322,,,,,,,,,,,,,,,0,1,,,,,1,1,1,2,MjMwOToxLDIzMTA6MSwyMzAyOjY1LDIzMDM6MjI5NzYsMjMxMToyMDA0NSwyMzA0OjcxLDIzMDU6Mzg4MCwyMzA2OjEwMDQw|MjMwOToyLDIzMTA6NCwyMzAyOjU4LDIzMDM6MjAwMzEsMjMxMToyMDAwMCwyMzA0OjU3LDIzMDU6Mzg5MCwyMzA2OjEwMDAw,,,,,,,,,,,,,,,,,,85,,,,0,,,,,,0,0,0,0,0,0,0,0,0,0,,0,,20190318
0a8de371ad684895bdc163c770eabbe2,20190318083518,268,668,86,3875,4043,4032,,13,12,33030,,,NA,REALTIME,,,0,23,402882d2605055e9016053981adb38b5,2_1_1,1,,1,,6,94,1,0,0,,,,,,,14,,,0,0,0,0,,0,0,,0,2612,,24,0,,0,1,1,1552869420500,0,70,0,,,,3,,,20190318083518,,,,,,,,,,,,,,,0,1,,,,,1,1,1,2,MjMwOToxLDIzMTA6MSwyMzAyOjgwLDIzMDM6MjE1OTIsMjMxMToyMTM1MCwyMzA0OjgzLDIzMDU6Mzg1MCwyMzA2OjEwNjkw|MjMwOToyLDIzMTA6NCwyMzAyOjU1LDIzMDM6MjAwMDAsMjMxMToyMDAwMCwyMzA0OjU1LDIzMDU6Mzg3MCwyMzA2OjEwMDAw,,,,,,,,,,,,,,,,,,86,,,,0,,,,,,0,0,0,0,0,0,0,0,0,0,,0,,20190318
0a8de371ad684895bdc163c770eabbe2,20190318181306,,,,,,,,,,,,,NA,REALTIME,,,,,,2_1_1,,,,,,,,,,,,,,,,,,,,,,,,,,,,,,,,,,,1,1552904643703,0,,,,,,,,,20190318181306,,,,,,,,,,,,,,,,,,,,,,,,,,,,,,,,,,,,,,,,,,,,,,,,,,,,,,,,,,,,,,,,,,20190318
0a8de371ad684895bdc163c770eabbe2,20190318111322,513,50,85,3897,4064,4054,,13,12,33080,,,NA,REALTIME,,,0,24,402882d2605055e9016053981adb38b5,2_1_1,1,,1,,58,20,1,0,0,,,,,,,14,,,0,0,0,0,,0,0,,0,2587,,20,0,,0,1,1,1552878974680,0,120,0,,,,3,,,20190318111322,,,,,,,,,,,,,,,0,1,,,,,1,1,1,2,MjMwOToxLDIzMTA6MSwyMzAyOjY1LDIzMDM6MjI5NzYsMjMxMToyMDA0NSwyMzA0OjcxLDIzMDU6Mzg4MCwyMzA2OjEwMDQw|MjMwOToyLDIzMTA6NCwyMzAyOjU4LDIzMDM6MjAwMzEsMjMxMToyMDAwMCwyMzA0OjU3LDIzMDU6Mzg5MCwyMzA2OjEwMDAw,,,,,,,,,,,,,,,,,,85,,,,0,,,,,,0,0,0,0,0,0,0,0,0,0,,0,,20190318
0a8de371ad684895bdc163c770eabbe2,20190318074551,47,46,89,3950,4118,4108,,13,12,32970,,,NA,REALTIME,,,0,15,402882d2605055e9016053981adb38b5,2_1_1,1,,1,,32,74,1,0,0,,,,,,,14,,,0,0,0,0,,0,0,,0,2592,,24,0,,0,1,1,1552866579413,0,10,0,,,,3,,,20190318074551,,,,,,,,,,,,,,,0,1,,,,,1,1,1,2,MjMwOToxLDIzMTA6MSwyMzAyOjYwLDIzMDM6MjAyODgsMjMxMToyMDM1NSwyMzA0OjYzLDIzMDU6MzkzMCwyMzA2OjEwMDQw|MjMwOToyLDIzMTA6NCwyMzAyOjUzLDIzMDM6MjAwMDAsMjMxMToyMDAwMCwyMzA0OjUxLDIzMDU6Mzk0MCwyMzA2OjEwMDAw,,,,,,,,,,,,,,,,,,89,,,,0,,,,,,0,0,0,0,0,0,0,0,0,0,,0,,20190318
0a8de371ad684895bdc163c770eabbe2,20190318075321,159,-20,88,3942,4111,4101,,13,12,32980,,,NA,REALTIME,,,0,23,402882d2605055e9016053981adb38b5,2_1_1,1,,1,,32,94,1,0,0,,,,,,,14,,,0,0,0,0,,0,0,,0,2570,,24,0,,0,1,1,1552867020250,0,20,0,,,,2,,,20190318075321,,,,,,,,,,,,,,,1,0,,,,,1,1,1,2,MjMwOToxLDIzMTA6MiwyMzAyOjY5LDIzMDM6MjA5MTMsMjMxMToxOTg2MCwyMzA0Ojc2LDIzMDU6MzkzMCwyMzA2Ojk5NzA=|MjMwOToyLDIzMTA6NCwyMzAyOjU0LDIzMDM6MjAwMDAsMjMxMToyMDAwMCwyMzA0OjU1LDIzMDU6Mzk0MCwyMzA2OjEwMDAw,,,,,,,,,,,,,,,,,,88,,,,0,,,,,,0,0,0,0,0,0,0,0,0,0,,0,,20190318
0a8de371ad684895bdc163c770eabbe2,20190318181106,,,,,,,,,,,,,NA,REALTIME,,,,,,2_1_1,,,,,,,,,,,,,,,,,,,,,,,,,,,,,,,,,,,1,1552904626339,0,,,,,,,,,20190318181106,,,,,,,,,,,,,,,,,,,,,,,,,,,,,,,,,,,,,,,,,,,,,,,,,,,,,,,,,,,,,,,,,,20190318
0a8de371ad684895bdc163c770eabbe2,20190318074621,0,9,89,3952,4121,4111,,13,12,32970,,,NA,REALTIME,,,0,15,402882d2605055e9016053981adb38b5,2_1_1,1,,1,,32,94,1,0,0,,,,,,,14,,,0,0,0,0,,0,0,,0,2600,,24,0,,0,1,1,1552866606698,0,10,0,,,,3,,,20190318074621,,,,,,,,,,,,,,,1,1,,,,,1,1,1,2,MjMwOToxLDIzMTA6MSwyMzAyOjU3LDIzMDM6MjAwMDEsMjMxMToyMDA0MCwyMzA0OjYyLDIzMDU6Mzk0MCwyMzA2OjEwMDAw|MjMwOToyLDIzMTA6NCwyMzAyOjUzLDIzMDM6MjAwMDAsMjMxMToyMDAwMCwyMzA0OjUxLDIzMDU6Mzk1MCwyMzA2OjEwMDAw,,,,,,,,,,,,,,,,,,89,,,,0,,,,,,0,0,0,0,0,0,0,0,0,0,,0,,20190318
0a8de371ad684895bdc163c770eabbe2,20190318181606,10,30,79,3835,3998,3989,,17,16,33320,,,NA,REALTIME,,,0,24,402882d2605055e9016053981adb38b5,2_1_1,1,,1,,32,68,1,0,0,,,,,,,14,,,0,0,0,0,,0,0,,0,2602,,22,0,,0,1,1,1552904676360,0,360,0,,,,3,,,20190318181606,,,,,,,,,,,,,,,0,1,,,,,1,1,1,2,MjMwOToxLDIzMTA6MSwyMzAyOjc4LDIzMDM6MjAwNjksMjMxMToyMDQzNSwyMzA0OjgwLDIzMDU6MzgxMCwyMzA2OjEwMDEw|MjMwOToyLDIzMTA6NCwyMzAyOjY4LDIzMDM6MjAwMDAsMjMxMToyMDAwMCwyMzA0OjY3LDIzMDU6MzgyMCwyMzA2OjEwMDAw,,,,,,,,,,,,,,,,,,79,,,,0,,,,,,0,0,0,0,0,0,0,0,0,0,,0,,20190318
0a8de371ad684895bdc163c770eabbe2,20190318083748,258,489,86,3885,4051,4041,,13,12,33040,,,NA,REALTIME,,,0,23,402882d2605055e9016053981adb38b5,2_1_1,1,,1,,5,30,1,0,0,,,,,,,14,,,0,0,0,0,,0,0,,0,2612,,24,0,,0,1,1,1552869717916,0,80,0,,,,3,,,20190318083748,,,,,,,,,,,,,,,0,1,,,,,1,1,1,2,MjMwOToxLDIzMTA6MSwyMzAyOjg0LDIzMDM6MjE1MjAsMjMxMToyMTA0NSwyMzA0OjgwLDIzMDU6Mzg2MCwyMzA2OjEwNTAw|MjMwOToyLDIzMTA6NCwyMzAyOjU1LDIzMDM6MjAwMDAsMjMxMToyMDAwMCwyMzA0OjU1LDIzMDU6Mzg4MCwyMzA2OjEwMDAw,,,,,,,,,,,,,,,,,,86,,,,0,,,,,,0,0,0,0,0,0,0,0,0,0,,0,,20190318
0a8de371ad684895bdc163c770eabbe2,20190318081651,305,260,87,3912,4080,4070,,13,12,33010,,,NA,REALTIME,,,0,15,402882d2605055e9016053981adb38b5,2_1_1,1,,1,,34,75,1,0,0,,,,,,,14,,,0,0,0,0,,0,0,,0,2585,,24,0,,0,1,1,1552868391893,0,50,0,,,,3,,,20190318081651,,,,,,,,,,,,,,,0,1,,,,,1,1,1,2,MjMwOToxLDIzMTA6MSwyMzAyOjY4LDIzMDM6MjE3ODYsMjMxMToyMDQ0NSwyMzA0OjY3LDIzMDU6Mzg5MCwyMzA2OjEwMjUw|MjMwOToyLDIzMTA6NCwyMzAyOjU2LDIzMDM6MjAwMjAsMjMxMToyMDAwMCwyMzA0OjU3LDIzMDU6MzkwMCwyMzA2OjEwMDAw,,,,,,,,,,,,,,,,,,87,,,,0,,,,,,0,0,0,0,0,0,0,0,0,0,,0,,20190318
0a8de371ad684895bdc163c770eabbe2,20190318075621,113,-12,88,3942,4111,4100,,13,12,32980,,,NA,REALTIME,,,0,15,402882d2605055e9016053981adb38b5,2_1_1,1,,1,,32,20,1,0,0,,,,,,,14,,,0,0,0,0,,0,0,,0,2612,,24,0,,0,1,1,1552867242435,0,20,0,,,,2,,,20190318075621,,,,,,,,,,,,,,,1,0,,,,,1,1,1,2,MjMwOToxLDIzMTA6MiwyMzAyOjYyLDIzMDM6MjA2NDUsMjMxMToxOTgxNSwyMzA0OjcxLDIzMDU6MzkzMCwyMzA2Ojk5ODA=|MjMwOToyLDIzMTA6NCwyMzAyOjU1LDIzMDM6MjAwMDAsMjMxMToyMDAwMCwyMzA0OjU1LDIzMDU6Mzk0MCwyMzA2OjEwMDAw,,,,,,,,,,,,,,,,,,88,,,,0,,,,,,0,0,0,0,0,0,0,0,0,0,,0,,20190318
0a8de371ad684895bdc163c770eabbe2,20190318083218,197,-411,86,3947,4116,4105,,13,12,33030,,,NA,REALTIME,,,0,23,402882d2605055e9016053981adb38b5,2_1_1,1,,1,,12,68,1,0,0,,,,,,,14,,,0,0,0,0,,0,0,,0,2575,,24,0,,0,1,1,1552869256214,0,70,0,,,,2,,,20190318083218,,,,,,,,,,,,,,,1,0,,,,,1,1,1,2,MjMwOToxLDIzMTA6MiwyMzAyOjc5LDIzMDM6MjExMTUsMjMxMToxODIyNSwyMzA0Ojc2LDIzMDU6MzkzMCwyMzA2Ojk2MDA=|MjMwOToyLDIzMTA6NCwyMzAyOjUzLDIzMDM6MjAwMDAsMjMxMToyMDAwMCwyMzA0OjU2LDIzMDU6Mzk0MCwyMzA2OjEwMDAw,,,,,,,,,,,,,,,,,,86,,,,0,,,,,,0,0,0,0,0,0,0,0,0,0,,0,,20190318
0a8de371ad684895bdc163c770eabbe2,20190318081621,14,65,87,3927,4096,4074,,13,12,33010,,,NA,REALTIME,,,0,15,402882d2605055e9016053981adb38b5,2_1_1,1,,1,,46,69,1,0,0,,,,,,,14,,,0,0,0,0,,0,0,,0,2612,,24,0,,0,1,1,1552868387854,0,50,0,,,,3,,,20190318081621,,,,,,,,,,,,,,,0,1,,,,,1,1,1,2,MjMwOToxLDIzMTA6MSwyMzAyOjY3LDIzMDM6MjAxMjQsMjMxMToyMDcwMCwyMzA0OjY1LDIzMDU6MzkxMCwyMzA2OjEwMDQw|MjMwOToyLDIzMTA6NCwyMzAyOjU4LDIzMDM6MjAwMDAsMjMxMToyMDAwMCwyMzA0OjU3LDIzMDU6MzkyMCwyMzA2OjEwMDAw,,,,,,,,,,,,,,,,,,87,,,,0,,,,,,0,0,0,0,0,0,0,0,0,0,,0,,20190318
0a8de371ad684895bdc163c770eabbe2,20190318111422,309,-127,85,3910,4078,4067,,13,12,33080,,,NA,REALTIME,,,0,24,402882d2605055e9016053981adb38b5,2_1_1,1,,1,,91,20,1,0,0,,,,,,,14,,,0,0,0,0,,0,0,,0,2590,,18,0,,0,1,1,1552878984858,0,120,0,,,,2,,,20190318111422,,,,,,,,,,,,,,,1,0,,,,,1,1,1,2,MjMwOToxLDIzMTA6MiwyMzAyOjcwLDIzMDM6MjE3ODQsMjMxMToxOTY3NSwyMzA0Ojc1LDIzMDU6Mzg5MCwyMzA2Ojk4NzA=|MjMwOToyLDIzMTA6NCwyMzAyOjU4LDIzMDM6MjAwMDAsMjMxMToyMDAwMCwyMzA0OjU3LDIzMDU6MzkxMCwyMzA2OjEwMDAw,,,,,,,,,,,,,,,,,,85,,,,0,,,,,,0,0,0,0,0,0,0,0,0,0,,0,,20190318
0a8de371ad684895bdc163c770eabbe2,20190318111322,513,50,85,3897,4064,4054,,13,12,33080,,,NA,REALTIME,,,0,24,402882d2605055e9016053981adb38b5,2_1_1,1,,1,,58,20,1,0,0,,,,,,,14,,,0,0,0,0,,0,0,,0,2587,,20,0,,0,1,1,1552878987893,0,120,0,,,,3,,,20190318111322,,,,,,,,,,,,,,,0,1,,,,,1,1,1,2,MjMwOToxLDIzMTA6MSwyMzAyOjY1LDIzMDM6MjI5NzYsMjMxMToyMDA0NSwyMzA0OjcxLDIzMDU6Mzg4MCwyMzA2OjEwMDQw|MjMwOToyLDIzMTA6NCwyMzAyOjU4LDIzMDM6MjAwMzEsMjMxMToyMDAwMCwyMzA0OjU3LDIzMDU6Mzg5MCwyMzA2OjEwMDAw,,,,,,,,,,,,,,,,,,85,,,,0,,,,,,0,0,0,0,0,0,0,0,0,0,,0,,20190318
0a8de371ad684895bdc163c770eabbe2,20190318111252,270,126,85,3895,4062,4051,,13,12,33070,,,NA,REALTIME,,,0,24,402882d2605055e9016053981adb38b5,2_1_1,1,,1,,32,68,1,0,0,,,,,,,14,,,0,0,0,0,,0,0,,0,2590,,20,0,,0,1,1,1552878966550,0,110,0,,,,3,,,20190318111252,,,,,,,,,,,,,,,0,1,,,,,1,1,1,2,MjMwOToxLDIzMTA6MSwyMzAyOjcxLDIzMDM6MjE1NjAsMjMxMToyMDE5MCwyMzA0OjY5LDIzMDU6Mzg4MCwyMzA2OjEwMDkw|MjMwOToyLDIzMTA6NCwyMzAyOjU4LDIzMDM6MjAwMTMsMjMxMToyMDAwMCwyMzA0OjU3LDIzMDU6Mzg5MCwyMzA2OjEwMDAw,,,,,,,,,,,,,,,,,,85,,,,0,,,,,,0,0,0,0,0,0,0,0,0,0,,0,,20190318
0a8de371ad684895bdc163c770eabbe2,20190318080851,0,9,88,3935,4103,4093,,13,12,33000,,,NA,REALTIME,,,0,15,402882d2605055e9016053981adb38b5,2_1_1,1,,1,,12,94,1,0,0,,,,,,,14,,,0,0,0,0,,0,0,,0,2587,,24,0,,0,1,1,1552867824300,0,40,0,,,,3,,,20190318080851,,,,,,,,,,,,,,,1,1,,,,,1,1,1,2,MjMwOToxLDIzMTA6MSwyMzAyOjY3LDIzMDM6MjAwMDAsMjMxMToyMDAyNSwyMzA0OjcyLDIzMDU6MzkyMCwyMzA2OjEwMDAw|MjMwOToyLDIzMTA6NCwyMzAyOjU3LDIzMDM6MjAwMDAsMjMxMToyMDAwMCwyMzA0OjU2LDIzMDU6MzkzMCwyMzA2OjEwMDAw,,,,,,,,,,,,,,,,,,88,,,,0,,,,,,0,0,0,0,0,0,0,0,0,0,,0,,20190318
0a8de371ad684895bdc163c770eabbe2,20190318111252,270,126,85,3895,4062,4051,,13,12,33070,,,NA,REALTIME,,,0,24,402882d2605055e9016053981adb38b5,2_1_1,1,,1,,32,68,1,0,0,,,,,,,14,,,0,0,0,0,,0,0,,0,2590,,20,0,,0,1,1,1552878963509,0,110,0,,,,3,,,20190318111252,,,,,,,,,,,,,,,0,1,,,,,1,1,1,2,MjMwOToxLDIzMTA6MSwyMzAyOjcxLDIzMDM6MjE1NjAsMjMxMToyMDE5MCwyMzA0OjY5LDIzMDU6Mzg4MCwyMzA2OjEwMDkw|MjMwOToyLDIzMTA6NCwyMzAyOjU4LDIzMDM6MjAwMTMsMjMxMToyMDAwMCwyMzA0OjU3LDIzMDU6Mzg5MCwyMzA2OjEwMDAw,,,,,,,,,,,,,,,,,,85,,,,0,,,,,,0,0,0,0,0,0,0,0,0,0,,0,,20190318
0a8de371ad684895bdc163c770eabbe2,20190318075421,0,10,88,3942,4111,4101,,13,12,32980,,,NA,REALTIME,,,0,23,402882d2605055e9016053981adb38b5,2_1_1,1,,1,,32,68,1,0,0,,,,,,,14,,,0,0,0,0,,0,0,,0,2595,,24,0,,0,1,1,1552867035405,0,20,0,,,,3,,,20190318075421,,,,,,,,,,,,,,,1,1,,,,,1,1,1,2,MjMwOToxLDIzMTA6MSwyMzAyOjYyLDIzMDM6MjAwMDEsMjMxMToyMDA2MCwyMzA0Ojc0LDIzMDU6MzkzMCwyMzA2OjEwMDAw|MjMwOToyLDIzMTA6NCwyMzAyOjU1LDIzMDM6MjAwMDAsMjMxMToyMDAwMCwyMzA0OjU1LDIzMDU6Mzk0MCwyMzA2OjEwMDAw,,,,,,,,,,,,,,,,,,88,,,,0,,,,,,0,0,0,0,0,0,0,0,0,0,,0,,20190318
0a8de371ad684895bdc163c770eabbe2,20190318074921,0,9,89,3950,4117,4107,,13,12,32970,,,NA,REALTIME,,,0,23,402882d2605055e9016053981adb38b5,2_1_1,1,,1,,32,74,1,0,0,,,,,,,14,,,0,0,0,0,,0,0,,0,2622,,24,0,,0,1,1,1552866844460,0,10,0,,,,3,,,20190318074921,,,,,,,,,,,,,,,1,1,,,,,1,1,1,2,MjMwOToxLDIzMTA6MSwyMzAyOjU3LDIzMDM6MjAwMDEsMjMxMToyMDA0MCwyMzA0OjY4LDIzMDU6MzkzMCwyMzA2OjEwMDAw|MjMwOToyLDIzMTA6NCwyMzAyOjUzLDIzMDM6MjAwMDAsMjMxMToyMDAwMCwyMzA0OjU3LDIzMDU6Mzk0MCwyMzA2OjEwMDAw,,,,,,,,,,,,,,,,,,89,,,,0,,,,,,0,0,0,0,0,0,0,0,0,0,,0,,20190318
0a8de371ad684895bdc163c770eabbe2,20190318110922,202,-10,85,3910,4078,4067,,13,12,33070,,,NA,REALTIME,,,0,23,402882d2605055e9016053981adb38b5,2_1_1,1,,1,,32,68,1,0,0,,,,,,,14,,,0,0,0,0,,0,0,,0,2615,,24,0,,0,1,1,1552878895343,0,110,0,,,,2,,,20190318110922,,,,,,,,,,,,,,,1,0,,,,,1,1,1,2,MjMwOToxLDIzMTA6MiwyMzAyOjYzLDIzMDM6MjExNzYsMjMxMToxOTkzMCwyMzA0OjYwLDIzMDU6MzkwMCwyMzA2Ojk5ODA=|MjMwOToyLDIzMTA6NCwyMzAyOjU0LDIzMDM6MjAwMDQsMjMxMToyMDAwMCwyMzA0OjU4LDIzMDU6MzkxMCwyMzA2OjEwMDAw,,,,,,,,,,,,,,,,,,85,,,,0,,,,,,0,0,0,0,0,0,0,0,0,0,,0,,20190318
0a8de371ad684895bdc163c770eabbe2,20190318081551,0,138,87,3932,4099,4078,,13,12,33010,,,NA,REALTIME,,,0,15,402882d2605055e9016053981adb38b5,2_1_1,1,,1,,32,68,1,0,0,,,,,,,14,,,0,0,0,0,,0,0,,0,2602,,24,0,,0,1,1,1552868382812,0,50,0,,,,3,,,20190318081551,,,,,,,,,,,,,,,1,1,,,,,1,1,1,2,MjMwOToxLDIzMTA6MSwyMzAyOjYzLDIzMDM6MjAwMDEsMjMxMToyMDA2NSwyMzA0OjY1LDIzMDU6MzkxMCwyMzA2OjEwMDAw|MjMwOToyLDIzMTA6NCwyMzAyOjU4LDIzMDM6MjAwMDAsMjMxMToyMDAwMCwyMzA0OjU3LDIzMDU6MzkyMCwyMzA2OjEwMDAw,,,,,,,,,,,,,,,,,,87,,,,0,,,,,,0,0,0,0,0,0,0,0,0,0,,0,,20190318
0a8de371ad684895bdc163c770eabbe2,20190318111722,384,317,84,3877,4043,4034,,13,13,33090,,,NA,REALTIME,,,0,24,402882d2605055e9016053981adb38b5,2_1_1,1,,1,,32,94,1,0,0,,,,,,,14,,,0,0,0,0,,0,0,,0,2602,,10,0,,0,1,1,1552879296955,0,130,0,,,,3,,,20190318111722,,,,,,,,,,,,,,,0,1,,,,,1,1,1,2,MjMwOToxLDIzMTA6MSwyMzAyOjc1LDIzMDM6MjIyMzUsMjMxMToyMDQ2MCwyMzA0Ojc4LDIzMDU6Mzg2MCwyMzA2OjEwMzIw|MjMwOToyLDIzMTA6NCwyMzAyOjYwLDIzMDM6MjAwMDMsMjMxMToyMDAwMCwyMzA0OjU4LDIzMDU6Mzg3MCwyMzA2OjEwMDAw,,,,,,,,,,,,,,,,,,84,,,,0,,,,,,0,0,0,0,0,0,0,0,0,0,,0,,20190318
0a8de371ad684895bdc163c770eabbe2,20190318112322,0,7,84,3897,4062,4053,,13,12,33110,,,NA,REALTIME,,,0,24,402882d2605055e9016053981adb38b5,2_1_1,1,,1,,32,68,1,0,0,,,,,,,15,,,0,0,0,0,,0,0,,0,2600,,10,0,,0,1,1,1552879415743,0,150,0,,,,3,,,20190318112322,,,,,,,,,,,,,,,0,0,,,,,1,1,1,2,MjMwOToxLDIzMTA6NCwyMzAyOjYzLDIzMDM6MjAwMDEsMjMxMToyMDAwMCwyMzA0OjcwLDIzMDU6Mzg4MCwyMzA2OjEwMDAw|MjMwOToyLDIzMTA6NCwyMzAyOjYyLDIzMDM6MjAwMDAsMjMxMToyMDAwMCwyMzA0OjYwLDIzMDU6Mzg5MCwyMzA2OjEwMDAw,,,,,,,,,,,,,,,,,,84,,,,0,,,,,,0,0,0,0,0,0,0,0,0,0,,0,,20190318
0a8de371ad684895bdc163c770eabbe2,20190318111352,330,614,85,3865,4032,4021,,13,12,33080,,,NA,REALTIME,,,0,24,402882d2605055e9016053981adb38b5,2_1_1,1,,1,,96,2,1,0,0,,,,,,,14,,,0,0,0,0,,0,0,,0,2590,,20,0,,0,1,1,1552878979763,0,120,0,,,,3,,,20190318111352,,,,,,,,,,,,,,,0,1,,,,,1,1,1,2,MjMwOToxLDIzMTA6MSwyMzAyOjgxLDIzMDM6MjE5MzMsMjMxMToyMTA0MCwyMzA0Ojc0LDIzMDU6Mzg1MCwyMzA2OjEwNjMw|MjMwOToyLDIzMTA6NCwyMzAyOjU4LDIzMDM6MjAwMDksMjMxMToyMDAwMCwyMzA0OjU3LDIzMDU6Mzg2MCwyMzA2OjEwMDAw,,,,,,,,,,,,,,,,,,85,,,,0,,,,,,0,0,0,0,0,0,0,0,0,0,,0,,20190318
0a8de371ad684895bdc163c770eabbe2,20190318081351,6,42,87,3932,4100,4090,,13,12,33010,,,NA,REALTIME,,,0,15,402882d2605055e9016053981adb38b5,2_1_1,1,,1,,32,68,1,0,0,,,,,,,14,,,0,0,0,0,,0,0,,0,2602,,24,0,,0,1,1,1552868158659,0,50,0,,,,3,,,20190318081351,,,,,,,,,,,,,,,0,1,,,,,1,1,1,2,MjMwOToxLDIzMTA6MSwyMzAyOjY5LDIzMDM6MjAwNzUsMjMxMToyMDczMCwyMzA0OjY2LDIzMDU6MzkxMCwyMzA2OjEwMDIw|MjMwOToyLDIzMTA6NCwyMzAyOjU4LDIzMDM6MjAwMDAsMjMxMToyMDAwMCwyMzA0OjU3LDIzMDU6MzkzMCwyMzA2OjEwMDAw,,,,,,,,,,,,,,,,,,87,,,,0,,,,,,0,0,0,0,0,0,0,0,0,0,,0,,20190318
0a8de371ad684895bdc163c770eabbe2,20190318111152,3,13,85,3907,4075,4065,,13,12,33070,,,NA,REALTIME,,,0,24,402882d2605055e9016053981adb38b5,2_1_1,1,,1,,90,2,1,0,0,,,,,,,14,,,0,0,0,0,,0,0,,0,2590,,20,0,,0,1,1,1552878940105,0,110,0,,,,3,,,20190318111152,,,,,,,,,,,,,,,1,1,,,,,1,1,1,2,MjMwOToxLDIzMTA6MSwyMzAyOjY3LDIzMDM6MjAwMDAsMjMxMToyMDIwMCwyMzA0OjcwLDIzMDU6Mzg5MCwyMzA2OjEwMDAw|MjMwOToyLDIzMTA6NCwyMzAyOjU3LDIzMDM6MjAwMDEsMjMxMToyMDAwMCwyMzA0OjU3LDIzMDU6MzkwMCwyMzA2OjEwMDAw,,,,,,,,,,,,,,,,,,85,,,,0,,,,,,0,0,0,0,0,0,0,0,0,0,,0,,20190318
0a8de371ad684895bdc163c770eabbe2,20190318082848,160,160,87,3925,4094,4083,,13,12,33020,,,NA,REALTIME,,,0,15,402882d2605055e9016053981adb38b5,2_1_1,1,,1,,77,20,1,0,0,,,,,,,14,,,0,0,0,0,,0,0,,0,2582,,24,0,,0,1,1,1552868997421,0,60,0,,,,3,,,20190318082848,,,,,,,,,,,,,,,1,0,,,,,1,1,1,2,MjMwOToxLDIzMTA6MiwyMzAyOjc1LDIzMDM6MjA5MzgsMjMxMToxOTg5MCwyMzA0OjY0LDIzMDU6MzkxMCwyMzA2Ojk5ODA=|MjMwOToyLDIzMTA6NCwyMzAyOjUzLDIzMDM6MjAwMDAsMjMxMToyMDAwMCwyMzA0OjU2LDIzMDU6MzkyMCwyMzA2OjEwMDAw,,,,,,,,,,,,,,,,,,87,,,,0,,,,,,0,0,0,0,0,0,0,0,0,0,,0,,20190318
0a8de371ad684895bdc163c770eabbe2,20190318074351,0,11,89,3952,4122,4112,,13,12,32960,,,NA,REALTIME,,,0,15,402882d2605055e9016053981adb38b5,2_1_1,1,,1,,32,74,1,0,0,,,,,,,14,,,0,0,0,0,,0,0,,0,2617,,24,0,,0,1,1,1552866452016,0,0,0,,,,3,,,20190318074351,,,,,,,,,,,,,,,1,1,,,,,1,1,1,2,MjMwOToxLDIzMTA6MSwyMzAyOjU3LDIzMDM6MjAwMDEsMjMxMToyMDA3MCwyMzA0OjY5LDIzMDU6Mzk0MCwyMzA2OjEwMDAw|MjMwOToyLDIzMTA6NCwyMzAyOjUyLDIzMDM6MjAwMDAsMjMxMToyMDAwMCwyMzA0OjUxLDIzMDU6Mzk1MCwyMzA2OjEwMDAw,,,,,,,,,,,,,,,,,,89,,,,0,,,,,,0,0,0,0,0,0,0,0,0,0,,0,,20190318
0a8de371ad684895bdc163c770eabbe2,20190318074851,183,-143,89,3962,4129,4119,,13,12,32970,,,NA,REALTIME,,,0,23,402882d2605055e9016053981adb38b5,2_1_1,1,,1,,54,6,1,0,0,,,,,,,14,,,0,0,0,0,,0,0,,0,2597,,24,0,,0,1,1,1552866832878,0,10,0,,,,2,,,20190318074851,,,,,,,,,,,,,,,1,0,,,,,1,1,1,2,MjMwOToxLDIzMTA6MiwyMzAyOjc1LDIzMDM6MjEwNjUsMjMxMToxOTQwNSwyMzA0OjY2LDIzMDU6Mzk0MCwyMzA2Ojk4NzA=|MjMwOToyLDIzMTA6NCwyMzAyOjU0LDIzMDM6MjAwMDAsMjMxMToyMDAwMCwyMzA0OjU3LDIzMDU6Mzk1MCwyMzA2OjEwMDAw,,,,,,,,,,,,,,,,,,89,,,,0,,,,,,0,0,0,0,0,0,0,0,0,0,,0,,20190318
0a8de371ad684895bdc163c770eabbe2,20190318083948,0,13,86,3912,4080,4070,,13,12,33050,,,NA,REALTIME,,,0,23,402882d2605055e9016053981adb38b5,2_1_1,1,,1,,32,94,1,0,0,,,,,,,14,,,0,0,0,0,,0,0,,0,2620,,24,0,,0,1,1,1552869733115,0,90,0,,,,3,,,20190318083948,,,,,,,,,,,,,,,1,1,,,,,1,1,1,2,MjMwOToxLDIzMTA6MSwyMzAyOjY2LDIzMDM6MjAwMDUsMjMxMToyMDIyNSwyMzA0OjgxLDIzMDU6Mzg5MCwyMzA2OjEwMDAw|MjMwOToyLDIzMTA6NCwyMzAyOjU2LDIzMDM6MjAwMDAsMjMxMToyMDAwMCwyMzA0OjU2LDIzMDU6MzkxMCwyMzA2OjEwMDAw,,,,,,,,,,,,,,,,,,86,,,,0,,,,,,0,0,0,0,0,0,0,0,0,0,,0,,20190318
0a8de371ad684895bdc163c770eabbe2,20190318074651,61,48,89,3950,4118,4108,,13,12,32970,,,NA,REALTIME,,,0,15,402882d2605055e9016053981adb38b5,2_1_1,1,,1,,32,68,1,0,0,,,,,,,14,,,0,0,0,0,,0,0,,0,2610,,24,0,,0,1,1,1552866616807,0,10,0,,,,3,,,20190318074651,,,,,,,,,,,,,,,0,1,,,,,1,1,1,2,MjMwOToxLDIzMTA6MSwyMzAyOjYxLDIzMDM6MjAzNjMsMjMxMToyMDMzMCwyMzA0OjYyLDIzMDU6MzkzMCwyMzA2OjEwMDUw|MjMwOToyLDIzMTA6NCwyMzAyOjUzLDIzMDM6MjAwMDEsMjMxMToyMDAwMCwyMzA0OjUxLDIzMDU6Mzk0MCwyMzA2OjEwMDAw,,,,,,,,,,,,,,,,,,89,,,,0,,,,,,0,0,0,0,0,0,0,0,0,0,,0,,20190318
0a8de371ad684895bdc163c770eabbe2,20190318112122,12,23,84,3895,4062,4051,,13,12,33110,,,NA,REALTIME,,,0,24,402882d2605055e9016053981adb38b5,2_1_1,1,,1,,32,94,1,0,0,,,,,,,14,,,0,0,0,0,,0,0,,0,2597,,10,0,,0,1,1,1552879357809,0,150,0,,,,3,,,20190318112122,,,,,,,,,,,,,,,1,1,,,,,1,1,1,2,MjMwOToxLDIzMTA6MSwyMzAyOjcxLDIzMDM6MjAwNzYsMjMxMToyMDMxMCwyMzA0Ojc0LDIzMDU6Mzg3MCwyMzA2OjEwMDEw|MjMwOToyLDIzMTA6NCwyMzAyOjYxLDIzMDM6MjAwMDAsMjMxMToyMDAwMCwyMzA0OjU5LDIzMDU6Mzg5MCwyMzA2OjEwMDAw,,,,,,,,,,,,,,,,,,84,,,,0,,,,,,0,0,0,0,0,0,0,0,0,0,,0,,20190318
0a8de371ad684895bdc163c770eabbe2,20190318111422,309,-127,85,3910,4078,4067,,13,12,33080,,,NA,REALTIME,,,0,24,402882d2605055e9016053981adb38b5,2_1_1,1,,1,,91,20,1,0,0,,,,,,,14,,,0,0,0,0,,0,0,,0,2590,,18,0,,0,1,1,1552879006200,0,120,0,,,,2,,,20190318111422,,,,,,,,,,,,,,,1,0,,,,,1,1,1,2,MjMwOToxLDIzMTA6MiwyMzAyOjcwLDIzMDM6MjE3ODQsMjMxMToxOTY3NSwyMzA0Ojc1LDIzMDU6Mzg5MCwyMzA2Ojk4NzA=|MjMwOToyLDIzMTA6NCwyMzAyOjU4LDIzMDM6MjAwMDAsMjMxMToyMDAwMCwyMzA0OjU3LDIzMDU6MzkxMCwyMzA2OjEwMDAw,,,,,,,,,,,,,,,,,,85,,,,0,,,,,,0,0,0,0,0,0,0,0,0,0,,0,,20190318
0a8de371ad684895bdc163c770eabbe2,20190318112222,23,24,84,3895,4061,4051,,13,12,33110,,,NA,REALTIME,,,0,24,402882d2605055e9016053981adb38b5,2_1_1,1,,1,,32,68,1,0,0,,,,,,,14,,,0,0,0,0,,0,0,,0,2617,,10,0,,0,1,1,1552879375053,0,150,0,,,,3,,,20190318112222,,,,,,,,,,,,,,,1,1,,,,,1,1,1,2,MjMwOToxLDIzMTA6MSwyMzAyOjY4LDIzMDM6MjAxMzEsMjMxMToyMDE5MCwyMzA0OjcyLDIzMDU6Mzg4MCwyMzA2OjEwMDEw|MjMwOToyLDIzMTA6NCwyMzAyOjYyLDIzMDM6MjAwMDEsMjMxMToyMDAwMCwyMzA0OjU5LDIzMDU6Mzg5MCwyMzA2OjEwMDAw,,,,,,,,,,,,,,,,,,84,,,,0,,,,,,0,0,0,0,0,0,0,0,0,0,,0,,20190318
0a8de371ad684895bdc163c770eabbe2,20190318080921,0,9,87,3932,4102,4091,,13,12,33000,,,NA,REALTIME,,,0,15,402882d2605055e9016053981adb38b5,2_1_1,1,,1,,32,68,1,0,0,,,,,,,14,,,0,0,0,0,,0,0,,0,2597,,24,0,,0,1,1,1552867835427,0,40,0,,,,3,,,20190318080921,,,,,,,,,,,,,,,1,1,,,,,1,1,1,2,MjMwOToxLDIzMTA6MSwyMzAyOjYzLDIzMDM6MjAwMDEsMjMxMToyMDA1MCwyMzA0Ojc0LDIzMDU6MzkyMCwyMzA2OjEwMDAw|MjMwOToyLDIzMTA6NCwyMzAyOjU2LDIzMDM6MjAwMDEsMjMxMToyMDAwMCwyMzA0OjU2LDIzMDU6MzkzMCwyMzA2OjEwMDAw,,,,,,,,,,,,,,,,,,87,,,,0,,,,,,0,0,0,0,0,0,0,0,0,0,,0,,20190318
0a8de371ad684895bdc163c770eabbe2,20190318074221,462,-721,89,3995,4164,4151,,13,12,32960,,,NA,REALTIME,,,0,24,402882d2605055e9016053981adb38b5,2_1_1,1,,1,,32,68,1,0,0,,,,,,,14,,,0,0,0,0,,0,0,,0,2617,,24,0,,0,1,1,1552866319772,0,0,0,,,,2,,,20190318074221,,,,,,,,,,,,,,,1,0,,,,,1,1,1,2,MjMwOToxLDIzMTA6MiwyMzAyOjcxLDIzMDM6MjI2MTQsMjMxMToxODgwMCwyMzA0OjY2LDIzMDU6Mzk4MCwyMzA2OjkyNzA=|MjMwOToyLDIzMTA6NCwyMzAyOjUxLDIzMDM6MjAwMzcsMjMxMToyMDAwMCwyMzA0OjUyLDIzMDU6Mzk5MCwyMzA2OjEwMDAw,,,,,,,,,,,,,,,,,,89,,,,0,,,,,,0,0,0,0,0,0,0,0,0,0,,0,,20190318
0a8de371ad684895bdc163c770eabbe2,20190318181006,,,,,,,,,,,,,NA,REALTIME,,,,,,2_1_1,,,,,,,,,,,,,,,,,,,,,,,,,,,,,,,,,,,1,1552904617147,0,,,,,,,,,20190318181006,,,,,,,,,,,,,,,,,,,,,,,,,,,,,,,,,,,,,,,,,,,,,,,,,,,,,,,,,,,,,,,,,,20190318
0a8de371ad684895bdc163c770eabbe2,20190318083418,449,-250,86,3922,4093,4077,,13,12,33030,,,NA,REALTIME,,,0,23,402882d2605055e9016053981adb38b5,2_1_1,1,,1,,32,68,1,0,0,,,,,,,14,,,0,0,0,0,,0,0,,0,2595,,24,0,,0,1,1,1552869318027,0,70,0,,,,2,,,20190318083418,,,,,,,,,,,,,,,1,0,,,,,1,1,1,2,MjMwOToxLDIzMTA6MiwyMzAyOjcyLDIzMDM6MjI2MDYsMjMxMToxOTU3NSwyMzA0OjgwLDIzMDU6MzkxMCwyMzA2Ojk3MzA=|MjMwOToyLDIzMTA6NCwyMzAyOjU1LDIzMDM6MjAwMjQsMjMxMToyMDAwMCwyMzA0OjU1LDIzMDU6MzkyMCwyMzA2OjEwMDAw,,,,,,,,,,,,,,,,,,86,,,,0,,,,,,0,0,0,0,0,0,0,0,0,0,,0,,20190318
0a8de371ad684895bdc163c770eabbe2,20190318083148,325,878,86,3865,4035,4022,,13,12,33020,,,NA,REALTIME,,,0,23,402882d2605055e9016053981adb38b5,2_1_1,1,,1,,46,74,1,0,0,,,,,,,14,,,0,0,0,0,,0,0,,0,2592,,24,0,,0,1,1,1552869160891,0,60,0,,,,3,,,20190318083148,,,,,,,,,,,,,,,0,1,,,,,1,1,1,2,MjMwOToxLDIzMTA6MSwyMzAyOjc5LDIzMDM6MjE5MDcsMjMxMToyMTQ5MCwyMzA0OjcxLDIzMDU6Mzg1MCwyMzA2OjEwODkw|MjMwOToyLDIzMTA6NCwyMzAyOjU0LDIzMDM6MjAwMTEsMjMxMToyMDAwMCwyMzA0OjU2LDIzMDU6Mzg2MCwyMzA2OjEwMDAw,,,,,,,,,,,,,,,,,,86,,,,0,,,,,,0,0,0,0,0,0,0,0,0,0,,0,,20190318
0a8de371ad684895bdc163c770eabbe2,20190318111522,405,63,85,3890,4054,4043,,13,12,33090,,,NA,REALTIME,,,0,24,402882d2605055e9016053981adb38b5,2_1_1,1,,1,,58,2,1,0,0,,,,,,,14,,,0,0,0,0,,0,0,,0,2595,,18,0,,0,1,1,1552879031601,0,130,0,,,,3,,,20190318111522,,,,,,,,,,,,,,,0,1,,,,,1,1,1,2,MjMwOToxLDIzMTA6MSwyMzAyOjcwLDIzMDM6MjIzNDcsMjMxMToyMDAzNSwyMzA0Ojc1LDIzMDU6Mzg4MCwyMzA2OjEwMDMw|MjMwOToyLDIzMTA6NCwyMzAyOjU5LDIzMDM6MjAwMDAsMjMxMToyMDAwMCwyMzA0OjU3LDIzMDU6Mzg5MCwyMzA2OjEwMDAw,,,,,,,,,,,,,,,,,,85,,,,0,,,,,,0,0,0,0,0,0,0,0,0,0,,0,,20190318
0a8de371ad684895bdc163c770eabbe2,20190318081421,0,10,87,3932,4101,4091,,13,12,33010,,,NA,REALTIME,,,0,15,402882d2605055e9016053981adb38b5,2_1_1,1,,1,,32,68,1,0,0,,,,,,,14,,,0,0,0,0,,0,0,,0,2602,,24,0,,0,1,1,1552868164724,0,50,0,,,,3,,,20190318081421,,,,,,,,,,,,,,,1,1,,,,,1,1,1,2,MjMwOToxLDIzMTA6MSwyMzAyOjY1LDIzMDM6MjAwMDAsMjMxMToyMDEwNSwyMzA0OjY2LDIzMDU6MzkyMCwyMzA2OjEwMDAw|MjMwOToyLDIzMTA6NCwyMzAyOjU4LDIzMDM6MjAwMDAsMjMxMToyMDAwMCwyMzA0OjU3LDIzMDU6MzkzMCwyMzA2OjEwMDAw,,,,,,,,,,,,,,,,,,87,,,,0,,,,,,0,0,0,0,0,0,0,0,0,0,,0,,20190318
0a8de371ad684895bdc163c770eabbe2,20190318111352,330,614,85,3865,4032,4021,,13,12,33080,,,NA,REALTIME,,,0,24,402882d2605055e9016053981adb38b5,2_1_1,1,,1,,96,2,1,0,0,,,,,,,14,,,0,0,0,0,,0,0,,0,2590,,20,0,,0,1,1,1552878978742,0,120,0,,,,3,,,20190318111352,,,,,,,,,,,,,,,0,1,,,,,1,1,1,2,MjMwOToxLDIzMTA6MSwyMzAyOjgxLDIzMDM6MjE5MzMsMjMxMToyMTA0MCwyMzA0Ojc0LDIzMDU6Mzg1MCwyMzA2OjEwNjMw|MjMwOToyLDIzMTA6NCwyMzAyOjU4LDIzMDM6MjAwMDksMjMxMToyMDAwMCwyMzA0OjU3LDIzMDU6Mzg2MCwyMzA2OjEwMDAw,,,,,,,,,,,,,,,,,,85,,,,0,,,,,,0,0,0,0,0,0,0,0,0,0,,0,,20190318
0a8de371ad684895bdc163c770eabbe2,20190318111552,401,-205,85,3910,4077,4066,,13,12,33090,,,NA,REALTIME,,,0,24,402882d2605055e9016053981adb38b5,2_1_1,1,,1,,32,94,1,0,0,,,,,,,14,,,0,0,0,0,,0,0,,0,2615,,18,0,,0,1,1,1552879030583,0,130,0,,,,2,,,20190318111552,,,,,,,,,,,,,,,1,0,,,,,1,1,1,2,MjMwOToxLDIzMTA6MiwyMzAyOjcwLDIzMDM6MjIzMjMsMjMxMToxOTYxNSwyMzA0Ojc1LDIzMDU6Mzg5MCwyMzA2Ojk3ODA=|MjMwOToyLDIzMTA6NCwyMzAyOjU5LDIzMDM6MjAwMTgsMjMxMToyMDAwMCwyMzA0OjU3LDIzMDU6MzkwMCwyMzA2OjEwMDAw,,,,,,,,,,,,,,,,,,85,,,,0,,,,,,0,0,0,0,0,0,0,0,0,0,,0,,20190318
0a8de371ad684895bdc163c770eabbe2,20190318074621,0,9,89,3952,4121,4111,,13,12,32970,,,NA,REALTIME,,,0,15,402882d2605055e9016053981adb38b5,2_1_1,1,,1,,32,94,1,0,0,,,,,,,14,,,0,0,0,0,,0,0,,0,2600,,24,0,,0,1,1,1552866612770,0,10,0,,,,3,,,20190318074621,,,,,,,,,,,,,,,1,1,,,,,1,1,1,2,MjMwOToxLDIzMTA6MSwyMzAyOjU3LDIzMDM6MjAwMDEsMjMxMToyMDA0MCwyMzA0OjYyLDIzMDU6Mzk0MCwyMzA2OjEwMDAw|MjMwOToyLDIzMTA6NCwyMzAyOjUzLDIzMDM6MjAwMDAsMjMxMToyMDAwMCwyMzA0OjUxLDIzMDU6Mzk1MCwyMzA2OjEwMDAw,,,,,,,,,,,,,,,,,,89,,,,0,,,,,,0,0,0,0,0,0,0,0,0,0,,0,,20190318
0a8de371ad684895bdc163c770eabbe2,20190318181436,388,69,79,3830,3993,3983,,17,16,33320,,,NA,REALTIME,,,0,24,402882d2605055e9016053981adb38b5,2_1_1,1,,1,,96,33,1,0,0,,,,,,,14,,,0,0,0,0,,0,0,,0,2620,,22,0,,0,1,1,1552904660033,0,360,0,,,,3,,,20190318181436,,,,,,,,,,,,,,,0,1,,,,,1,1,1,2,MjMwOToxLDIzMTA6MSwyMzAyOjc2LDIzMDM6MjIyNDIsMjMxMToyMDA4NSwyMzA0OjgyLDIzMDU6MzgxMCwyMzA2OjEwMDYw|MjMwOToyLDIzMTA6NCwyMzAyOjY3LDIzMDM6MjAwMDEsMjMxMToyMDAwMCwyMzA0OjY3LDIzMDU6MzgyMCwyMzA2OjEwMDAw,,,,,,,,,,,,,,,,,,79,,,,0,,,,,,0,0,0,0,0,0,0,0,0,0,,0,,20190318
0a8de371ad684895bdc163c770eabbe2,20190318111552,401,-205,85,3910,4077,4066,,13,12,33090,,,NA,REALTIME,,,0,24,402882d2605055e9016053981adb38b5,2_1_1,1,,1,,32,94,1,0,0,,,,,,,14,,,0,0,0,0,,0,0,,0,2615,,18,0,,0,1,1,1552879053943,0,130,0,,,,2,,,20190318111552,,,,,,,,,,,,,,,1,0,,,,,1,1,1,2,MjMwOToxLDIzMTA6MiwyMzAyOjcwLDIzMDM6MjIzMjMsMjMxMToxOTYxNSwyMzA0Ojc1LDIzMDU6Mzg5MCwyMzA2Ojk3ODA=|MjMwOToyLDIzMTA6NCwyMzAyOjU5LDIzMDM6MjAwMTgsMjMxMToyMDAwMCwyMzA0OjU3LDIzMDU6MzkwMCwyMzA2OjEwMDAw,,,,,,,,,,,,,,,,,,85,,,,0,,,,,,0,0,0,0,0,0,0,0,0,0,,0,,20190318
0a8de371ad684895bdc163c770eabbe2,20190318081821,0,26,87,3927,4094,4080,,13,12,33010,,,NA,REALTIME,,,0,23,402882d2605055e9016053981adb38b5,2_1_1,1,,1,,90,68,1,0,0,,,,,,,14,,,0,0,0,0,,0,0,,0,2615,,24,0,,0,1,1,1552868396940,0,50,0,,,,3,,,20190318081821,,,,,,,,,,,,,,,1,1,,,,,1,1,1,2,MjMwOToxLDIzMTA6MSwyMzAyOjYwLDIzMDM6MjAwMDEsMjMxMToyMDAzMCwyMzA0Ojc0LDIzMDU6MzkxMCwyMzA2OjEwMDAw|MjMwOToyLDIzMTA6NCwyMzAyOjU0LDIzMDM6MjAwMDEsMjMxMToyMDAwMCwyMzA0OjU3LDIzMDU6MzkyMCwyMzA2OjEwMDAw,,,,,,,,,,,,,,,,,,87,,,,0,,,,,,0,0,0,0,0,0,0,0,0,0,,0,,20190318
0a8de371ad684895bdc163c770eabbe2,20190318083648,0,23,86,3917,4083,4074,,13,12,33040,,,NA,REALTIME,,,0,23,402882d2605055e9016053981adb38b5,2_1_1,1,,1,,8,30,1,0,0,,,,,,,14,,,0,0,0,0,,0,0,,0,2617,,24,0,,0,1,1,1552869697662,0,80,0,,,,3,,,20190318083648,,,,,,,,,,,,,,,0,1,,,,,1,1,1,2,MjMwOToxLDIzMTA6MSwyMzAyOjY1LDIzMDM6MjAwMjgsMjMxMToyMDQ5NSwyMzA0OjgwLDIzMDU6MzkwMCwyMzA2OjEwMDEw|MjMwOToyLDIzMTA6NCwyMzAyOjU1LDIzMDM6MjAwMDAsMjMxMToyMDAwMCwyMzA0OjU1LDIzMDU6MzkxMCwyMzA2OjEwMDAw,,,,,,,,,,,,,,,,,,86,,,,0,,,,,,0,0,0,0,0,0,0,0,0,0,,0,,20190318
0a8de371ad684895bdc163c770eabbe2,20190318112022,0,10,84,3897,4064,4054,,13,12,33110,,,NA,REALTIME,,,0,24,402882d2605055e9016053981adb38b5,2_1_1,1,,1,,32,69,1,0,0,,,,,,,14,,,0,0,0,0,,0,0,,0,2615,,10,0,,0,1,1,1552879326396,0,150,0,,,,3,,,20190318112022,,,,,,,,,,,,,,,1,1,,,,,1,1,1,2,MjMwOToxLDIzMTA6MSwyMzAyOjY2LDIzMDM6MjAwMDAsMjMxMToyMDA1MCwyMzA0Ojc0LDIzMDU6Mzg4MCwyMzA2OjEwMDAw|MjMwOToyLDIzMTA6NCwyMzAyOjYxLDIzMDM6MjAwMDAsMjMxMToyMDAwMCwyMzA0OjU5LDIzMDU6Mzg5MCwyMzA2OjEwMDAw,,,,,,,,,,,,,,,,,,84,,,,0,,,,,,0,0,0,0,0,0,0,0,0,0,,0,,20190318
0a8de371ad684895bdc163c770eabbe2,20190318111452,337,440,85,3872,4040,4030,,13,12,33080,,,NA,REALTIME,,,0,24,402882d2605055e9016053981adb38b5,2_1_1,1,,1,,35,94,1,0,0,,,,,,,14,,,0,0,0,0,,0,0,,0,2602,,18,0,,0,1,1,1552879015352,0,120,0,,,,3,,,20190318111452,,,,,,,,,,,,,,,0,1,,,,,1,1,1,2,MjMwOToxLDIzMTA6MSwyMzAyOjc4LDIzMDM6MjE5NTksMjMxMToyMDcyMCwyMzA0Ojc1LDIzMDU6Mzg2MCwyMzA2OjEwNDQw|MjMwOToyLDIzMTA6NCwyMzAyOjU4LDIzMDM6MjAwMjAsMjMxMToyMDAwMCwyMzA0OjU3LDIzMDU6Mzg3MCwyMzA2OjEwMDAw,,,,,,,,,,,,,,,,,,85,,,,0,,,,,,0,0,0,0,0,0,0,0,0,0,,0,,20190318
0a8de371ad684895bdc163c770eabbe2,20190318111022,210,-404,85,3935,4101,4091,,13,12,33070,,,NA,REALTIME,,,0,24,402882d2605055e9016053981adb38b5,2_1_1,1,,1,,32,94,1,0,0,,,,,,,14,,,0,0,0,0,,0,0,,0,2592,,20,0,,0,1,1,1552878916715,0,110,0,,,,2,,,20190318111022,,,,,,,,,,,,,,,1,0,,,,,1,1,1,2,MjMwOToxLDIzMTA6MiwyMzAyOjc1LDIzMDM6MjExNDQsMjMxMToxODM0NSwyMzA0OjY2LDIzMDU6MzkyMCwyMzA2Ojk2MTA=|MjMwOToyLDIzMTA6NCwyMzAyOjU2LDIzMDM6MjAwMDcsMjMxMToyMDAwMCwyMzA0OjU3LDIzMDU6MzkzMCwyMzA2OjEwMDAw,,,,,,,,,,,,,,,,,,85,,,,0,,,,,,0,0,0,0,0,0,0,0,0,0,,0,,20190318
0a8de371ad684895bdc163c770eabbe2,20190318112152,84,72,84,3892,4059,4049,,13,12,33110,,,NA,REALTIME,,,0,24,402882d2605055e9016053981adb38b5,2_1_1,1,,1,,32,68,1,0,0,,,,,,,14,,,0,0,0,0,,0,0,,0,2620,,10,0,,0,1,1,1552879367950,0,150,0,,,,3,,,20190318112152,,,,,,,,,,,,,,,0,1,,,,,1,1,1,2,MjMwOToxLDIzMTA6MSwyMzAyOjcwLDIzMDM6MjA0OTgsMjMxMToyMDM3NSwyMzA0OjczLDIzMDU6Mzg3MCwyMzA2OjEwMDcw|MjMwOToyLDIzMTA6NCwyMzAyOjYxLDIzMDM6MjAwMDAsMjMxMToyMDAwMCwyMzA0OjU5LDIzMDU6Mzg4MCwyMzA2OjEwMDAw,,,,,,,,,,,,,,,,,,84,,,,0,,,,,,0,0,0,0,0,0,0,0,0,0,,0,,20190318
0a8de371ad684895bdc163c770eabbe2,20190318111622,0,10,85,3902,4067,4059,,13,12,33090,,,NA,REALTIME,,,0,24,402882d2605055e9016053981adb38b5,2_1_1,1,,1,,32,68,1,0,0,,,,,,,14,,,0,0,0,0,,0,0,,0,2615,,18,0,,0,1,1,1552879054956,0,130,0,,,,3,,,20190318111622,,,,,,,,,,,,,,,1,1,,,,,1,1,1,2,MjMwOToxLDIzMTA6MSwyMzAyOjY1LDIzMDM6MjAwMDEsMjMxMToyMDA2NSwyMzA0Ojc1LDIzMDU6Mzg4MCwyMzA2OjEwMDAw|MjMwOToyLDIzMTA6NCwyMzAyOjU5LDIzMDM6MjAwMDEsMjMxMToyMDAwMCwyMzA0OjU4LDIzMDU6MzkwMCwyMzA2OjEwMDAw,,,,,,,,,,,,,,,,,,85,,,,0,,,,,,0,0,0,0,0,0,0,0,0,0,,0,,20190318
0a8de371ad684895bdc163c770eabbe2,20190318080721,0,10,88,3937,4105,4094,,13,12,33000,,,NA,REALTIME,,,0,15,402882d2605055e9016053981adb38b5,2_1_1,1,,1,,32,74,1,0,0,,,,,,,14,,,0,0,0,0,,0,0,,0,2622,,24,0,,0,1,1,1552867804082,0,40,0,,,,3,,,20190318080721,,,,,,,,,,,,,,,1,1,,,,,1,1,1,2,MjMwOToxLDIzMTA6MSwyMzAyOjY0LDIzMDM6MjAwMDEsMjMxMToyMDA2NSwyMzA0OjY5LDIzMDU6MzkyMCwyMzA2OjEwMDAw|MjMwOToyLDIzMTA6NCwyMzAyOjU3LDIzMDM6MjAwMDAsMjMxMToyMDAwMCwyMzA0OjU2LDIzMDU6MzkzMCwyMzA2OjEwMDAw,,,,,,,,,,,,,,,,,,88,,,,0,,,,,,0,0,0,0,0,0,0,0,0,0,,0,,20190318
0a8de371ad684895bdc163c770eabbe2,20190318181036,,,,,,,,,,,,,NA,REALTIME,,,,,,2_1_1,,,,,,,,,,,,,,,,,,,,,,,,,,,,,,,,,,,1,1552904623270,0,,,,,,,,,20190318181036,,,,,,,,,,,,,,,,,,,,,,,,,,,,,,,,,,,,,,,,,,,,,,,,,,,,,,,,,,,,,,,,,,20190318
0a8de371ad684895bdc163c770eabbe2,20190318083548,327,48,86,3912,4078,4069,,13,12,33040,,,NA,REALTIME,,,0,23,402882d2605055e9016053981adb38b5,2_1_1,1,,1,,32,68,1,0,0,,,,,,,14,,,0,0,0,0,,0,0,,0,2622,,24,0,,0,1,1,1552869426581,0,80,0,,,,3,,,20190318083548,,,,,,,,,,,,,,,0,1,,,,,1,1,1,2,MjMwOToxLDIzMTA6MSwyMzAyOjY5LDIzMDM6MjE4OTcsMjMxMToyMDA2NSwyMzA0OjgyLDIzMDU6Mzg5MCwyMzA2OjEwMDQw|MjMwOToyLDIzMTA6NCwyMzAyOjU1LDIzMDM6MjAwMDAsMjMxMToyMDAwMCwyMzA0OjU1LDIzMDU6MzkxMCwyMzA2OjEwMDAw,,,,,,,,,,,,,,,,,,86,,,,0,,,,,,0,0,0,0,0,0,0,0,0,0,,0,,20190318
0a8de371ad684895bdc163c770eabbe2,20190318181206,,,,,,,,,,,,,NA,REALTIME,,,,,,2_1_1,,,,,,,,,,,,,,,,,,,,,,,,,,,,,,,,,,,1,1552904635520,0,,,,,,,,,20190318181206,,,,,,,,,,,,,,,,,,,,,,,,,,,,,,,,,,,,,,,,,,,,,,,,,,,,,,,,,,,,,,,,,,20190318
0a8de371ad684895bdc163c770eabbe2,20190318111452,337,440,85,3872,4040,4030,,13,12,33080,,,NA,REALTIME,,,0,24,402882d2605055e9016053981adb38b5,2_1_1,1,,1,,35,94,1,0,0,,,,,,,14,,,0,0,0,0,,0,0,,0,2602,,18,0,,0,1,1,1552879008223,0,120,0,,,,3,,,20190318111452,,,,,,,,,,,,,,,0,1,,,,,1,1,1,2,MjMwOToxLDIzMTA6MSwyMzAyOjc4LDIzMDM6MjE5NTksMjMxMToyMDcyMCwyMzA0Ojc1LDIzMDU6Mzg2MCwyMzA2OjEwNDQw|MjMwOToyLDIzMTA6NCwyMzAyOjU4LDIzMDM6MjAwMjAsMjMxMToyMDAwMCwyMzA0OjU3LDIzMDU6Mzg3MCwyMzA2OjEwMDAw,,,,,,,,,,,,,,,,,,85,,,,0,,,,,,0,0,0,0,0,0,0,0,0,0,,0,,20190318
0a8de371ad684895bdc163c770eabbe2,20190318074321,0,10,89,3952,4121,4111,,13,12,32960,,,NA,REALTIME,,,0,15,402882d2605055e9016053981adb38b5,2_1_1,1,,1,,72,94,1,0,0,,,,,,,14,,,0,0,0,0,,0,0,,0,2610,,24,0,,0,1,1,1552866417715,0,0,0,,,,3,,,20190318074321,,,,,,,,,,,,,,,1,1,,,,,1,1,1,2,MjMwOToxLDIzMTA6MSwyMzAyOjU3LDIzMDM6MjAwMDAsMjMxMToyMDA2MCwyMzA0OjcyLDIzMDU6Mzk0MCwyMzA2OjEwMDAw|MjMwOToyLDIzMTA6NCwyMzAyOjUxLDIzMDM6MjAwMDAsMjMxMToyMDAwMCwyMzA0OjUyLDIzMDU6Mzk1MCwyMzA2OjEwMDAw,,,,,,,,,,,,,,,,,,89,,,,0,,,,,,0,0,0,0,0,0,0,0,0,0,,0,,20190318
0a8de371ad684895bdc163c770eabbe2,20190318080951,0,9,87,3935,4103,4091,,13,12,33000,,,NA,REALTIME,,,0,15,402882d2605055e9016053981adb38b5,2_1_1,1,,1,,32,68,1,0,0,,,,,,,14,,,0,0,0,0,,0,0,,0,2602,,24,0,,0,1,1,1552867951549,0,40,0,,,,3,,,20190318080951,,,,,,,,,,,,,,,1,1,,,,,1,1,1,2,MjMwOToxLDIzMTA6MSwyMzAyOjYxLDIzMDM6MjAwMDEsMjMxMToyMDA1MCwyMzA0OjcyLDIzMDU6MzkyMCwyMzA2OjEwMDAw|MjMwOToyLDIzMTA6NCwyMzAyOjU3LDIzMDM6MjAwMDAsMjMxMToyMDAwMCwyMzA0OjU2LDIzMDU6MzkzMCwyMzA2OjEwMDAw,,,,,,,,,,,,,,,,,,87,,,,0,,,,,,0,0,0,0,0,0,0,0,0,0,,0,,20190318
0a8de371ad684895bdc163c770eabbe2,20190318111522,405,63,85,3890,4054,4043,,13,12,33090,,,NA,REALTIME,,,0,24,402882d2605055e9016053981adb38b5,2_1_1,1,,1,,58,2,1,0,0,,,,,,,14,,,0,0,0,0,,0,0,,0,2595,,18,0,,0,1,1,1552879021451,0,130,0,,,,3,,,20190318111522,,,,,,,,,,,,,,,0,1,,,,,1,1,1,2,MjMwOToxLDIzMTA6MSwyMzAyOjcwLDIzMDM6MjIzNDcsMjMxMToyMDAzNSwyMzA0Ojc1LDIzMDU6Mzg4MCwyMzA2OjEwMDMw|MjMwOToyLDIzMTA6NCwyMzAyOjU5LDIzMDM6MjAwMDAsMjMxMToyMDAwMCwyMzA0OjU3LDIzMDU6Mzg5MCwyMzA2OjEwMDAw,,,,,,,,,,,,,,,,,,85,,,,0,,,,,,0,0,0,0,0,0,0,0,0,0,,0,,20190318
0a8de371ad684895bdc163c770eabbe2,20190318081151,0,11,87,3935,4101,4091,,13,12,33000,,,NA,REALTIME,,,0,15,402882d2605055e9016053981adb38b5,2_1_1,1,,1,,32,68,1,0,0,,,,,,,14,,,0,0,0,0,,0,0,,0,2605,,24,0,,0,1,1,1552867971744,0,40,0,,,,3,,,20190318081151,,,,,,,,,,,,,,,1,1,,,,,1,1,1,2,MjMwOToxLDIzMTA6MSwyMzAyOjY0LDIzMDM6MjAwMDEsMjMxMToyMDEyNSwyMzA0OjY5LDIzMDU6MzkyMCwyMzA2OjEwMDAw|MjMwOToyLDIzMTA6NCwyMzAyOjU4LDIzMDM6MjAwMDAsMjMxMToyMDAwMCwyMzA0OjU2LDIzMDU6MzkzMCwyMzA2OjEwMDAw,,,,,,,,,,,,,,,,,,87,,,,0,,,,,,0,0,0,0,0,0,0,0,0,0,,0,,20190318
0a8de371ad684895bdc163c770eabbe2,20190318075721,0,9,88,3942,4111,4101,,13,12,32980,,,NA,REALTIME,,,0,15,402882d2605055e9016053981adb38b5,2_1_1,1,,1,,32,68,1,0,0,,,,,,,14,,,0,0,0,0,,0,0,,0,2602,,24,0,,0,1,1,1552867246468,0,20,0,,,,3,,,20190318075721,,,,,,,,,,,,,,,1,1,,,,,1,1,1,2,MjMwOToxLDIzMTA6MSwyMzAyOjYwLDIzMDM6MjAwMDAsMjMxMToyMDA1MCwyMzA0OjY3LDIzMDU6MzkyMCwyMzA2OjEwMDAw|MjMwOToyLDIzMTA6NCwyMzAyOjU2LDIzMDM6MjAwMDAsMjMxMToyMDAwMCwyMzA0OjU1LDIzMDU6Mzk0MCwyMzA2OjEwMDAw,,,,,,,,,,,,,,,,,,88,,,,0,,,,,,0,0,0,0,0,0,0,0,0,0,,0,,20190318
0a8de371ad684895bdc163c770eabbe2,20190318111052,0,11,85,3910,4077,4067,,13,12,33070,,,NA,REALTIME,,,0,24,402882d2605055e9016053981adb38b5,2_1_1,1,,1,,32,68,1,0,0,,,,,,,14,,,0,0,0,0,,0,0,,0,2597,,20,0,,0,1,1,1552878921795,0,110,0,,,,3,,,20190318111052,,,,,,,,,,,,,,,1,1,,,,,1,1,1,2,MjMwOToxLDIzMTA6MSwyMzAyOjYzLDIzMDM6MjAwMDEsMjMxMToyMDEwMCwyMzA0OjY4LDIzMDU6MzkwMCwyMzA2OjEwMDAw|MjMwOToyLDIzMTA6NCwyMzAyOjU2LDIzMDM6MjAwMDAsMjMxMToyMDAwMCwyMzA0OjU3LDIzMDU6MzkxMCwyMzA2OjEwMDAw,,,,,,,,,,,,,,,,,,85,,,,0,,,,,,0,0,0,0,0,0,0,0,0,0,,0,,20190318
0a8de371ad684895bdc163c770eabbe2,20190318083048,0,10,87,3925,4091,4082,,13,12,33020,,,NA,REALTIME,,,0,19,402882d2605055e9016053981adb38b5,2_1_1,1,,1,,43,68,1,0,0,,,,,,,14,,,0,0,0,0,,0,0,,0,2607,,24,0,,0,1,1,1552869149694,0,60,0,,,,3,,,20190318083048,,,,,,,,,,,,,,,1,1,,,,,1,1,1,2,MjMwOToxLDIzMTA6MSwyMzAyOjU3LDIzMDM6MjAwMDEsMjMxMToyMDA1NSwyMzA0OjY3LDIzMDU6MzkxMCwyMzA2OjEwMDAw|MjMwOToyLDIzMTA6NCwyMzAyOjUzLDIzMDM6MjAwMDAsMjMxMToyMDAwMCwyMzA0OjU2LDIzMDU6MzkyMCwyMzA2OjEwMDAw,,,,,,,,,,,,,,,,,,87,,,,0,,,,,,0,0,0,0,0,0,0,0,0,0,,0,,20190318
0a8de371ad684895bdc163c770eabbe2,20190318075051,0,9,88,3947,4115,4105,,13,12,32980,,,NA,REALTIME,,,0,23,402882d2605055e9016053981adb38b5,2_1_1,1,,1,,12,74,1,0,0,,,,,,,14,,,0,0,0,0,,0,0,,0,2612,,24,0,,0,1,1,1552866883889,0,20,0,,,,3,,,20190318075051,,,,,,,,,,,,,,,1,1,,,,,1,1,1,2,MjMwOToxLDIzMTA6MSwyMzAyOjU5LDIzMDM6MjAwMDAsMjMxMToyMDA0MCwyMzA0Ojc1LDIzMDU6MzkzMCwyMzA2OjEwMDAw|MjMwOToyLDIzMTA6NCwyMzAyOjUzLDIzMDM6MjAwMDAsMjMxMToyMDAwMCwyMzA0OjU1LDIzMDU6Mzk0MCwyMzA2OjEwMDAw,,,,,,,,,,,,,,,,,,88,,,,0,,,,,,0,0,0,0,0,0,0,0,0,0,,0,,20190318
0a8de371ad684895bdc163c770eabbe2,20190318083448,392,-194,86,3927,4094,4083,,13,12,33030,,,NA,REALTIME,,,0,23,402882d2605055e9016053981adb38b5,2_1_1,1,,1,,32,74,1,0,0,,,,,,,14,,,0,0,0,0,,0,0,,0,2577,,24,0,,0,1,1,1552869320055,0,70,0,,,,2,,,20190318083448,,,,,,,,,,,,,,,1,0,,,,,1,1,1,2,MjMwOToxLDIzMTA6MiwyMzAyOjcwLDIzMDM6MjIyNjYsMjMxMToxOTYyMCwyMzA0OjgzLDIzMDU6MzkxMCwyMzA2Ojk3OTA=|MjMwOToyLDIzMTA6NCwyMzAyOjU1LDIzMDM6MjAwMDAsMjMxMToyMDAwMCwyMzA0OjU1LDIzMDU6MzkyMCwyMzA2OjEwMDAw,,,,,,,,,,,,,,,,,,86,,,,0,,,,,,0,0,0,0,0,0,0,0,0,0,,0,,20190318
0a8de371ad684895bdc163c770eabbe2,20190318181336,,,,,,,,,,,,,NA,REALTIME,,,,,,2_1_1,,,,,,,,,,,,,,,,,,,,,,,,,,,,,,,,,,,1,1552904648809,0,,,,,,,,,20190318181336,,,,,,,,,,,,,,,,,,,,,,,,,,,,,,,,,,,,,,,,,,,,,,,,,,,,,,,,,,,,,,,,,,20190318
0a8de371ad684895bdc163c770eabbe2,20190318080051,0,8,88,3940,4109,4099,,13,12,32990,,,NA,REALTIME,,,0,15,402882d2605055e9016053981adb38b5,2_1_1,1,,1,,32,68,1,0,0,,,,,,,15,,,0,0,0,0,,0,0,,0,2620,,24,0,,0,1,1,1552867496085,0,30,0,,,,3,,,20190318080051,,,,,,,,,,,,,,,1,0,,,,,1,1,1,2,MjMwOToxLDIzMTA6NCwyMzAyOjU4LDIzMDM6MjAwMDAsMjMxMToxOTk5NSwyMzA0OjcwLDIzMDU6MzkyMCwyMzA2OjEwMDAw|MjMwOToyLDIzMTA6NCwyMzAyOjU2LDIzMDM6MjAwMDAsMjMxMToyMDAwMCwyMzA0OjU1LDIzMDU6Mzk0MCwyMzA2OjEwMDAw,,,,,,,,,,,,,,,,,,88,,,,0,,,,,,0,0,0,0,0,0,0,0,0,0,,0,,20190318
0a8de371ad684895bdc163c770eabbe2,20190318111652,518,216,84,3880,4046,4037,,13,12,33090,,,NA,REALTIME,,,0,24,402882d2605055e9016053981adb38b5,2_1_1,1,,1,,32,94,1,0,0,,,,,,,14,,,0,0,0,0,,0,0,,0,2592,,10,0,,0,1,1,1552879287834,0,130,0,,,,3,,,20190318111652,,,,,,,,,,,,,,,0,1,,,,,1,1,1,2,MjMwOToxLDIzMTA6MSwyMzAyOjcxLDIzMDM6MjMwMDMsMjMxMToyMDIzNSwyMzA0Ojc2LDIzMDU6Mzg2MCwyMzA2OjEwMjEw|MjMwOToyLDIzMTA6NCwyMzAyOjYwLDIzMDM6MjAwMzEsMjMxMToyMDAwMCwyMzA0OjU4LDIzMDU6Mzg3MCwyMzA2OjEwMDAw,,,,,,,,,,,,,,,,,,84,,,,0,,,,,,0,0,0,0,0,0,0,0,0,0,,0,,20190318
0a8de371ad684895bdc163c770eabbe2,20190318111422,309,-127,85,3910,4078,4067,,13,12,33080,,,NA,REALTIME,,,0,24,402882d2605055e9016053981adb38b5,2_1_1,1,,1,,91,20,1,0,0,,,,,,,14,,,0,0,0,0,,0,0,,0,2590,,18,0,,0,1,1,1552878985864,0,120,0,,,,2,,,20190318111422,,,,,,,,,,,,,,,1,0,,,,,1,1,1,2,MjMwOToxLDIzMTA6MiwyMzAyOjcwLDIzMDM6MjE3ODQsMjMxMToxOTY3NSwyMzA0Ojc1LDIzMDU6Mzg5MCwyMzA2Ojk4NzA=|MjMwOToyLDIzMTA6NCwyMzAyOjU4LDIzMDM6MjAwMDAsMjMxMToyMDAwMCwyMzA0OjU3LDIzMDU6MzkxMCwyMzA2OjEwMDAw,,,,,,,,,,,,,,,,,,85,,,,0,,,,,,0,0,0,0,0,0,0,0,0,0,,0,,20190318
0a8de371ad684895bdc163c770eabbe2,20190318082948,0,22,87,3922,4091,4075,,13,12,33020,,,NA,REALTIME,,,0,23,402882d2605055e9016053981adb38b5,2_1_1,1,,1,,58,94,1,0,0,,,,,,,14,,,0,0,0,0,,0,0,,0,2607,,24,0,,0,1,1,1552869004520,0,60,0,,,,3,,,20190318082948,,,,,,,,,,,,,,,1,1,,,,,1,1,1,2,MjMwOToxLDIzMTA6MSwyMzAyOjU4LDIzMDM6MjAwMDAsMjMxMToyMDA2MCwyMzA0OjY5LDIzMDU6MzkwMCwyMzA2OjEwMDAw|MjMwOToyLDIzMTA6NCwyMzAyOjUzLDIzMDM6MjAwMDAsMjMxMToyMDAwMCwyMzA0OjU2LDIzMDU6MzkxMCwyMzA2OjEwMDAw,,,,,,,,,,,,,,,,,,87,,,,0,,,,,,0,0,0,0,0,0,0,0,0,0,,0,,20190318
0a8de371ad684895bdc163c770eabbe2,20190318080251,292,-405,88,3960,4126,4115,,13,12,32990,,,NA,REALTIME,,,0,23,402882d2605055e9016053981adb38b5,2_1_1,1,,1,,32,68,1,0,0,,,,,,,14,,,0,0,0,0,,0,0,,0,2582,,24,0,,0,1,1,1552867526367,0,30,0,,,,2,,,20190318080251,,,,,,,,,,,,,,,1,0,,,,,1,1,1,2,MjMwOToxLDIzMTA6MiwyMzAyOjcyLDIzMDM6MjE2MzksMjMxMToxODg0MCwyMzA0Ojc3LDIzMDU6Mzk0MCwyMzA2Ojk1ODA=|MjMwOToyLDIzMTA6MSwyMzAyOjU3LDIzMDM6MjAwMzMsMjMxMToyMDAwMCwyMzA0OjU1LDIzMDU6Mzk2MCwyMzA2OjEwMDAw,,,,,,,,,,,,,,,,,,88,,,,0,,,,,,0,0,0,0,0,0,0,0,0,0,,0,,20190318
0a8de371ad684895bdc163c770eabbe2,20190318111452,337,440,85,3872,4040,4030,,13,12,33080,,,NA,REALTIME,,,0,24,402882d2605055e9016053981adb38b5,2_1_1,1,,1,,35,94,1,0,0,,,,,,,14,,,0,0,0,0,,0,0,,0,2602,,18,0,,0,1,1,1552879012310,0,120,0,,,,3,,,20190318111452,,,,,,,,,,,,,,,0,1,,,,,1,1,1,2,MjMwOToxLDIzMTA6MSwyMzAyOjc4LDIzMDM6MjE5NTksMjMxMToyMDcyMCwyMzA0Ojc1LDIzMDU6Mzg2MCwyMzA2OjEwNDQw|MjMwOToyLDIzMTA6NCwyMzAyOjU4LDIzMDM6MjAwMjAsMjMxMToyMDAwMCwyMzA0OjU3LDIzMDU6Mzg3MCwyMzA2OjEwMDAw,,,,,,,,,,,,,,,,,,85,,,,0,,,,,,0,0,0,0,0,0,0,0,0,0,,0,,20190318
0a8de371ad684895bdc163c770eabbe2,20190318080621,42,23,88,3935,4104,4094,,13,12,33000,,,NA,REALTIME,,,0,15,402882d2605055e9016053981adb38b5,2_1_1,1,,1,,96,20,1,0,0,,,,,,,14,,,0,0,0,0,,0,0,,0,2597,,24,0,,0,1,1,1552867786906,0,40,0,,,,3,,,20190318080621,,,,,,,,,,,,,,,1,1,,,,,1,1,1,2,MjMwOToxLDIzMTA6MSwyMzAyOjY1LDIzMDM6MjAyNDUsMjMxMToyMDE3MCwyMzA0OjY5LDIzMDU6MzkyMCwyMzA2OjEwMDIw|MjMwOToyLDIzMTA6NCwyMzAyOjU3LDIzMDM6MjAwMDAsMjMxMToyMDAwMCwyMzA0OjU2LDIzMDU6MzkzMCwyMzA2OjEwMDAw,,,,,,,,,,,,,,,,,,88,,,,0,,,,,,0,0,0,0,0,0,0,0,0,0,,0,,20190318
0a8de371ad684895bdc163c770eabbe2,20190318111152,3,13,85,3907,4075,4065,,13,12,33070,,,NA,REALTIME,,,0,24,402882d2605055e9016053981adb38b5,2_1_1,1,,1,,90,2,1,0,0,,,,,,,14,,,0,0,0,0,,0,0,,0,2590,,20,0,,0,1,1,1552878945196,0,110,0,,,,3,,,20190318111152,,,,,,,,,,,,,,,1,1,,,,,1,1,1,2,MjMwOToxLDIzMTA6MSwyMzAyOjY3LDIzMDM6MjAwMDAsMjMxMToyMDIwMCwyMzA0OjcwLDIzMDU6Mzg5MCwyMzA2OjEwMDAw|MjMwOToyLDIzMTA6NCwyMzAyOjU3LDIzMDM6MjAwMDEsMjMxMToyMDAwMCwyMzA0OjU3LDIzMDU6MzkwMCwyMzA2OjEwMDAw,,,,,,,,,,,,,,,,,,85,,,,0,,,,,,0,0,0,0,0,0,0,0,0,0,,0,,20190318
0a8de371ad684895bdc163c770eabbe2,20190318074451,0,10,89,3952,4121,4111,,13,12,32970,,,NA,REALTIME,,,0,15,402882d2605055e9016053981adb38b5,2_1_1,1,,1,,32,69,1,0,0,,,,,,,14,,,0,0,0,0,,0,0,,0,2600,,24,0,,0,1,1,1552866492418,0,10,0,,,,3,,,20190318074451,,,,,,,,,,,,,,,1,1,,,,,1,1,1,2,MjMwOToxLDIzMTA6MSwyMzAyOjU2LDIzMDM6MjAwMDAsMjMxMToyMDA0NSwyMzA0OjY1LDIzMDU6Mzk0MCwyMzA2OjEwMDAw|MjMwOToyLDIzMTA6NCwyMzAyOjUyLDIzMDM6MjAwMDAsMjMxMToyMDAwMCwyMzA0OjUxLDIzMDU6Mzk1MCwyMzA2OjEwMDAw,,,,,,,,,,,,,,,,,,89,,,,0,,,,,,0,0,0,0,0,0,0,0,0,0,,0,,20190318
0a8de371ad684895bdc163c770eabbe2,20190318075551,350,228,88,3925,4091,4077,,13,12,32980,,,NA,REALTIME,,,0,15,402882d2605055e9016053981adb38b5,2_1_1,1,,1,,32,68,1,0,0,,,,,,,14,,,0,0,0,0,,0,0,,0,2595,,24,0,,0,1,1,1552867235376,0,20,0,,,,3,,,20190318075551,,,,,,,,,,,,,,,0,1,,,,,1,1,1,2,MjMwOToxLDIzMTA6MSwyMzAyOjcxLDIzMDM6MjIwNDEsMjMxMToyMDM2MCwyMzA0OjcwLDIzMDU6MzkxMCwyMzA2OjEwMjIw|MjMwOToyLDIzMTA6NCwyMzAyOjU2LDIzMDM6MjAwMzYsMjMxMToyMDAwMCwyMzA0OjU1LDIzMDU6MzkyMCwyMzA2OjEwMDAw,,,,,,,,,,,,,,,,,,88,,,,0,,,,,,0,0,0,0,0,0,0,0,0,0,,0,,20190318
0a8de371ad684895bdc163c770eabbe2,20190318111122,240,524,85,3877,4043,4033,,13,12,33070,,,NA,REALTIME,,,0,24,402882d2605055e9016053981adb38b5,2_1_1,1,,1,,90,20,1,0,0,,,,,,,14,,,0,0,0,0,,0,0,,0,2600,,20,0,,0,1,1,1552878927898,0,110,0,,,,3,,,20190318111122,,,,,,,,,,,,,,,0,1,,,,,1,1,1,2,MjMwOToxLDIzMTA6MSwyMzAyOjc4LDIzMDM6MjE0NDYsMjMxMToyMTE3NSwyMzA0OjY3LDIzMDU6Mzg2MCwyMzA2OjEwNTQw|MjMwOToyLDIzMTA6NCwyMzAyOjU3LDIzMDM6MjAwMzcsMjMxMToyMDAwMCwyMzA0OjU3LDIzMDU6Mzg3MCwyMzA2OjEwMDAw,,,,,,,,,,,,,,,,,,85,,,,0,,,,,,0,0,0,0,0,0,0,0,0,0,,0,,20190318
0a8de371ad684895bdc163c770eabbe2,20190318111122,240,524,85,3877,4043,4033,,13,12,33070,,,NA,REALTIME,,,0,24,402882d2605055e9016053981adb38b5,2_1_1,1,,1,,90,20,1,0,0,,,,,,,14,,,0,0,0,0,,0,0,,0,2600,,20,0,,0,1,1,1552878929936,0,110,0,,,,3,,,20190318111122,,,,,,,,,,,,,,,0,1,,,,,1,1,1,2,MjMwOToxLDIzMTA6MSwyMzAyOjc4LDIzMDM6MjE0NDYsMjMxMToyMTE3NSwyMzA0OjY3LDIzMDU6Mzg2MCwyMzA2OjEwNTQw|MjMwOToyLDIzMTA6NCwyMzAyOjU3LDIzMDM6MjAwMzcsMjMxMToyMDAwMCwyMzA0OjU3LDIzMDU6Mzg3MCwyMzA2OjEwMDAw,,,,,,,,,,,,,,,,,,85,,,,0,,,,,,0,0,0,0,0,0,0,0,0,0,,0,,20190318
0a8de371ad684895bdc163c770eabbe2,20190318181136,,,,,,,,,,,,,NA,REALTIME,,,,,,2_1_1,,,,,,,,,,,,,,,,,,,,,,,,,,,,,,,,,,,1,1552904630411,0,,,,,,,,,20190318181136,,,,,,,,,,,,,,,,,,,,,,,,,,,,,,,,,,,,,,,,,,,,,,,,,,,,,,,,,,,,,,,,,,20190318
0a8de371ad684895bdc163c770eabbe2,20190318081521,62,48,87,3930,4098,4088,,13,12,33010,,,NA,REALTIME,,,0,15,402882d2605055e9016053981adb38b5,2_1_1,1,,1,,32,68,1,0,0,,,,,,,14,,,0,0,0,0,,0,0,,0,2595,,24,0,,0,1,1,1552868175836,0,50,0,,,,3,,,20190318081521,,,,,,,,,,,,,,,0,1,,,,,1,1,1,2,MjMwOToxLDIzMTA6MSwyMzAyOjY2LDIzMDM6MjAzNzIsMjMxMToyMDMxMCwyMzA0OjY1LDIzMDU6MzkxMCwyMzA2OjEwMDQw|MjMwOToyLDIzMTA6NCwyMzAyOjU5LDIzMDM6MjAwMDAsMjMxMToyMDAwMCwyMzA0OjU3LDIzMDU6MzkyMCwyMzA2OjEwMDAw,,,,,,,,,,,,,,,,,,87,,,,0,,,,,,0,0,0,0,0,0,0,0,0,0,,0,,20190318
0a8de371ad684895bdc163c770eabbe2,20190318111352,330,614,85,3865,4032,4021,,13,12,33080,,,NA,REALTIME,,,0,24,402882d2605055e9016053981adb38b5,2_1_1,1,,1,,96,2,1,0,0,,,,,,,14,,,0,0,0,0,,0,0,,0,2590,,20,0,,0,1,1,1552878997059,0,120,0,,,,3,,,20190318111352,,,,,,,,,,,,,,,0,1,,,,,1,1,1,2,MjMwOToxLDIzMTA6MSwyMzAyOjgxLDIzMDM6MjE5MzMsMjMxMToyMTA0MCwyMzA0Ojc0LDIzMDU6Mzg1MCwyMzA2OjEwNjMw|MjMwOToyLDIzMTA6NCwyMzAyOjU4LDIzMDM6MjAwMDksMjMxMToyMDAwMCwyMzA0OjU3LDIzMDU6Mzg2MCwyMzA2OjEwMDAw,,,,,,,,,,,,,,,,,,85,,,,0,,,,,,0,0,0,0,0,0,0,0,0,0,,0,,20190318
0a8de371ad684895bdc163c770eabbe2,20190318074251,0,31,89,3952,4120,4110,,13,12,32960,,,NA,REALTIME,,,0,15,402882d2605055e9016053981adb38b5,2_1_1,1,,1,,96,6,1,0,0,,,,,,,14,,,0,0,0,0,,0,0,,0,2612,,24,0,,0,1,1,1552866355144,0,0,0,,,,3,,,20190318074251,,,,,,,,,,,,,,,0,1,,,,,1,1,1,2,MjMwOToxLDIzMTA6MSwyMzAyOjYyLDIzMDM6MjAwMzgsMjMxMToyMDY5NSwyMzA0OjcyLDIzMDU6Mzk0MCwyMzA2OjEwMDEw|MjMwOToyLDIzMTA6NCwyMzAyOjUxLDIzMDM6MjAwMDAsMjMxMToyMDAwMCwyMzA0OjUyLDIzMDU6Mzk1MCwyMzA2OjEwMDAw,,,,,,,,,,,,,,,,,,89,,,,0,,,,,,0,0,0,0,0,0,0,0,0,0,,0,,20190318
0a8de371ad684895bdc163c770eabbe2,20190318075351,0,9,88,3942,4112,4102,,13,12,32980,,,NA,REALTIME,,,0,23,402882d2605055e9016053981adb38b5,2_1_1,1,,1,,58,94,1,0,0,,,,,,,14,,,0,0,0,0,,0,0,,0,2595,,24,0,,0,1,1,1552867027323,0,20,0,,,,3,,,20190318075351,,,,,,,,,,,,,,,1,1,,,,,1,1,1,2,MjMwOToxLDIzMTA6MSwyMzAyOjYwLDIzMDM6MjAwMDEsMjMxMToyMDAzMCwyMzA0Ojc0LDIzMDU6MzkzMCwyMzA2OjEwMDAw|MjMwOToyLDIzMTA6NCwyMzAyOjU1LDIzMDM6MjAwMDEsMjMxMToyMDAwMCwyMzA0OjU1LDIzMDU6Mzk0MCwyMzA2OjEwMDAw,,,,,,,,,,,,,,,,,,88,,,,0,,,,,,0,0,0,0,0,0,0,0,0,0,,0,,20190318
0a8de371ad684895bdc163c770eabbe2,20190318080121,32,59,88,3937,4106,4094,,13,12,32990,,,NA,REALTIME,,,0,15,402882d2605055e9016053981adb38b5,2_1_1,1,,1,,32,68,1,0,0,,,,,,,14,,,0,0,0,0,,0,0,,0,2602,,24,0,,0,1,1,1552867508252,0,30,0,,,,3,,,20190318080121,,,,,,,,,,,,,,,0,1,,,,,1,1,1,2,MjMwOToxLDIzMTA6MSwyMzAyOjY0LDIzMDM6MjAyMTMsMjMxMToyMDU5NSwyMzA0OjY4LDIzMDU6MzkyMCwyMzA2OjEwMDUw|MjMwOToyLDIzMTA6NCwyMzAyOjU2LDIzMDM6MjAwMDAsMjMxMToyMDAwMCwyMzA0OjU1LDIzMDU6MzkzMCwyMzA2OjEwMDAw,,,,,,,,,,,,,,,,,,88,,,,0,,,,,,0,0,0,0,0,0,0,0,0,0,,0,,20190318
0a8de371ad684895bdc163c770eabbe2,20190318080221,214,-507,88,3970,4139,4128,,13,12,32990,,,NA,REALTIME,,,0,15,402882d2605055e9016053981adb38b5,2_1_1,1,,1,,96,20,1,0,0,,,,,,,14,,,0,0,0,0,,0,0,,0,2622,,24,0,,0,1,1,1552867520300,0,30,0,,,,2,,,20190318080221,,,,,,,,,,,,,,,1,0,,,,,1,1,1,2,MjMwOToxLDIzMTA6MiwyMzAyOjc5LDIzMDM6MjExNzQsMjMxMToxNzkxMCwyMzA0OjczLDIzMDU6Mzk2MCwyMzA2Ojk1MTA=|MjMwOToyLDIzMTA6NCwyMzAyOjU2LDIzMDM6MjAwMDAsMjMxMToyMDAwMCwyMzA0OjU1LDIzMDU6Mzk2MCwyMzA2OjEwMDAw,,,,,,,,,,,,,,,,,,88,,,,0,,,,,,0,0,0,0,0,0,0,0,0,0,,0,,20190318
0a8de371ad684895bdc163c770eabbe2,20190318111452,337,440,85,3872,4040,4030,,13,12,33080,,,NA,REALTIME,,,0,24,402882d2605055e9016053981adb38b5,2_1_1,1,,1,,35,94,1,0,0,,,,,,,14,,,0,0,0,0,,0,0,,0,2602,,18,0,,0,1,1,1552879001129,0,120,0,,,,3,,,20190318111452,,,,,,,,,,,,,,,0,1,,,,,1,1,1,2,MjMwOToxLDIzMTA6MSwyMzAyOjc4LDIzMDM6MjE5NTksMjMxMToyMDcyMCwyMzA0Ojc1LDIzMDU6Mzg2MCwyMzA2OjEwNDQw|MjMwOToyLDIzMTA6NCwyMzAyOjU4LDIzMDM6MjAwMjAsMjMxMToyMDAwMCwyMzA0OjU3LDIzMDU6Mzg3MCwyMzA2OjEwMDAw,,,,,,,,,,,,,,,,,,85,,,,0,,,,,,0,0,0,0,0,0,0,0,0,0,,0,,20190318
0a8de371ad684895bdc163c770eabbe2,20190318074751,0,7,89,3952,4121,4111,,13,12,32970,,,NA,REALTIME,,,0,15,402882d2605055e9016053981adb38b5,2_1_1,1,,1,,32,68,1,0,0,,,,,,,15,,,0,0,0,0,,0,0,,0,2617,,24,0,,0,1,1,1552866694542,0,10,0,,,,3,,,20190318074751,,,,,,,,,,,,,,,1,0,,,,,1,1,1,2,MjMwOToxLDIzMTA6NCwyMzAyOjU1LDIzMDM6MjAwMDEsMjMxMToyMDAwMCwyMzA0OjYwLDIzMDU6Mzk0MCwyMzA2OjEwMDAw|MjMwOToyLDIzMTA6NCwyMzAyOjUzLDIzMDM6MjAwMDAsMjMxMToyMDAwMCwyMzA0OjUyLDIzMDU6Mzk1MCwyMzA2OjEwMDAw,,,,,,,,,,,,,,,,,,89,,,,0,,,,,,0,0,0,0,0,0,0,0,0,0,,0,,20190318
0a8de371ad684895bdc163c770eabbe2,20190318112252,0,7,84,3897,4062,4053,,13,12,33110,,,NA,REALTIME,,,0,24,402882d2605055e9016053981adb38b5,2_1_1,1,,1,,32,68,1,0,0,,,,,,,15,,,0,0,0,0,,0,0,,0,2617,,10,0,,0,1,1,1552879414728,0,150,0,,,,3,,,20190318112252,,,,,,,,,,,,,,,0,0,,,,,1,1,1,2,MjMwOToxLDIzMTA6NCwyMzAyOjY0LDIzMDM6MjAwMDEsMjMxMToyMDAwMCwyMzA0OjcxLDIzMDU6Mzg4MCwyMzA2OjEwMDAw|MjMwOToyLDIzMTA6NCwyMzAyOjYyLDIzMDM6MjAwMDAsMjMxMToyMDAwMCwyMzA0OjU5LDIzMDU6Mzg5MCwyMzA2OjEwMDAw,,,,,,,,,,,,,,,,,,84,,,,0,,,,,,0,0,0,0,0,0,0,0,0,0,,0,,20190318
0a8de371ad684895bdc163c770eabbe2,20190318181536,15,22,79,3835,3998,3988,,17,16,33320,,,NA,REALTIME,,,0,24,402882d2605055e9016053981adb38b5,2_1_1,1,,1,,77,33,1,0,0,,,,,,,14,,,0,0,0,0,,0,0,,0,2622,,22,0,,0,1,1,1552904668187,0,360,0,,,,3,,,20190318181536,,,,,,,,,,,,,,,1,1,,,,,1,1,1,2,MjMwOToxLDIzMTA6MSwyMzAyOjc2LDIzMDM6MjAwOTMsMjMxMToyMDI3MCwyMzA0OjgyLDIzMDU6MzgxMCwyMzA2OjEwMDEw|MjMwOToyLDIzMTA6NCwyMzAyOjY3LDIzMDM6MjAwMDAsMjMxMToyMDAwMCwyMzA0OjY3LDIzMDU6MzgyMCwyMzA2OjEwMDAw,,,,,,,,,,,,,,,,,,79,,,,0,,,,,,0,0,0,0,0,0,0,0,0,0,,0,,20190318
0a8de371ad684895bdc163c770eabbe2,20190318074721,0,7,89,3952,4120,4111,,13,12,32970,,,NA,REALTIME,,,0,15,402882d2605055e9016053981adb38b5,2_1_1,1,,1,,32,68,1,0,0,,,,,,,15,,,0,0,0,0,,0,0,,0,2610,,24,0,,0,1,1,1552866684459,0,10,0,,,,3,,,20190318074721,,,,,,,,,,,,,,,1,0,,,,,1,1,1,2,MjMwOToxLDIzMTA6NCwyMzAyOjU3LDIzMDM6MjAwMDEsMjMxMToyMDAwMCwyMzA0OjYxLDIzMDU6Mzk0MCwyMzA2OjEwMDAw|MjMwOToyLDIzMTA6NCwyMzAyOjUzLDIzMDM6MjAwMDEsMjMxMToyMDAwMCwyMzA0OjUyLDIzMDU6Mzk1MCwyMzA2OjEwMDAw,,,,,,,,,,,,,,,,,,89,,,,0,,,,,,0,0,0,0,0,0,0,0,0,0,,0,,20190318
0a8de371ad684895bdc163c770eabbe2,20190318111922,371,120,84,3887,4053,4043,,13,13,33110,,,NA,REALTIME,,,0,24,402882d2605055e9016053981adb38b5,2_1_1,1,,1,,12,30,1,0,0,,,,,,,14,,,0,0,0,0,,0,0,,0,2602,,24,0,,0,1,1,1552879321322,0,150,0,,,,3,,,20190318111922,,,,,,,,,,,,,,,0,1,,,,,1,1,1,2,MjMwOToxLDIzMTA6MSwyMzAyOjY5LDIzMDM6MjIxNTksMjMxMToyMDE3MCwyMzA0Ojc2LDIzMDU6Mzg3MCwyMzA2OjEwMTEw|MjMwOToyLDIzMTA6NCwyMzAyOjYwLDIzMDM6MjAwMDEsMjMxMToyMDAwMCwyMzA0OjU4LDIzMDU6Mzg4MCwyMzA2OjEwMDAw,,,,,,,,,,,,,,,,,,84,,,,0,,,,,,0,0,0,0,0,0,0,0,0,0,,0,,20190318
0a8de371ad684895bdc163c770eabbe2,20190318080651,226,-73,88,3940,4108,4098,,13,12,33000,,,NA,REALTIME,,,0,15,402882d2605055e9016053981adb38b5,2_1_1,1,,1,,32,75,1,0,0,,,,,,,14,,,0,0,0,0,,0,0,,0,2600,,24,0,,0,1,1,1552867798016,0,40,0,,,,2,,,20190318080651,,,,,,,,,,,,,,,1,0,,,,,1,1,1,2,MjMwOToxLDIzMTA6MiwyMzAyOjY3LDIzMDM6MjEzMDUsMjMxMToxOTcxNSwyMzA0OjY5LDIzMDU6MzkyMCwyMzA2Ojk5MjA=|MjMwOToyLDIzMTA6NCwyMzAyOjU3LDIzMDM6MjAwMDAsMjMxMToyMDAwMCwyMzA0OjU2LDIzMDU6MzkzMCwyMzA2OjEwMDAw,,,,,,,,,,,,,,,,,,88,,,,0,,,,,,0,0,0,0,0,0,0,0,0,0,,0,,20190318
0a8de371ad684895bdc163c770eabbe2,20190318074051,0,165,89,3955,4121,4103,,12,12,32960,,,NA,REALTIME,,,0,24,402882d2605055e9016053981adb38b5,2_1_1,1,,1,,58,69,1,0,0,,,,,,,15,,,0,0,0,0,,0,0,,0,2602,,24,0,,0,1,1,1552866240914,0,0,0,,,,3,,,20190318074051,,,,,,,,,,,,,,,1,0,,,,,1,1,1,2,MjMwOToxLDIzMTA6NCwyMzAyOjUzLDIzMDM6MjAwMDAsMjMxMToyMDAwMCwyMzA0OjU2LDIzMDU6Mzk0MCwyMzA2OjEwMDAw|MjMwOToyLDIzMTA6NCwyMzAyOjUwLDIzMDM6MjAwMDAsMjMxMToyMDAwMCwyMzA0OjUyLDIzMDU6Mzk1MCwyMzA2OjEwMDAw,,,,,,,,,,,,,,,,,,89,,,,0,,,,,,0,0,0,0,0,0,0,0,0,0,,0,,20190318
0a8de371ad684895bdc163c770eabbe2,20190318083318,392,384,86,3885,4056,4042,,13,12,33030,,,NA,REALTIME,,,0,23,402882d2605055e9016053981adb38b5,2_1_1,1,,1,,77,30,1,0,0,,,,,,,14,,,0,0,0,0,,0,0,,0,2612,,24,0,,0,1,1,1552869260254,0,70,0,,,,3,,,20190318083318,,,,,,,,,,,,,,,0,1,,,,,1,1,1,2,MjMwOToxLDIzMTA6MSwyMzAyOjgzLDIzMDM6MjIyODQsMjMxMToyMDU2MCwyMzA0Ojc5LDIzMDU6Mzg3MCwyMzA2OjEwMzkw|MjMwOToyLDIzMTA6NCwyMzAyOjU1LDIzMDM6MjAwMzcsMjMxMToyMDAwMCwyMzA0OjU2LDIzMDU6Mzg4MCwyMzA2OjEwMDAw,,,,,,,,,,,,,,,,,,86,,,,0,,,,,,0,0,0,0,0,0,0,0,0,0,,0,,20190318
0a8de371ad684895bdc163c770eabbe2,20190318080751,190,9,88,3935,4103,4093,,13,12,33000,,,NA,REALTIME,,,0,15,402882d2605055e9016053981adb38b5,2_1_1,1,,1,,32,68,1,0,0,,,,,,,14,,,0,0,0,0,,0,0,,0,2602,,24,0,,0,1,1,1552867816208,0,40,0,,,,3,,,20190318080751,,,,,,,,,,,,,,,0,0,,,,,1,1,1,2,MjMwOToxLDIzMTA6MSwyMzAyOjY2LDIzMDM6MjEwODUsMjMxMToyMDAwMCwyMzA0OjY4LDIzMDU6MzkyMCwyMzA2OjEwMDAw|MjMwOToyLDIzMTA6NCwyMzAyOjU3LDIzMDM6MjAwMDAsMjMxMToyMDAwMCwyMzA0OjU2LDIzMDU6MzkzMCwyMzA2OjEwMDAw,,,,,,,,,,,,,,,,,,88,,,,0,,,,,,0,0,0,0,0,0,0,0,0,0,,0,,20190318
0a8de371ad684895bdc163c770eabbe2,20190318181506,264,-33,79,3837,4000,3991,,17,16,33320,,,NA,REALTIME,,,0,24,402882d2605055e9016053981adb38b5,2_1_1,1,,1,,32,68,1,0,0,,,,,,,14,,,0,0,0,0,,0,0,,0,2622,,22,0,,0,1,1,1552904666139,0,360,0,,,,2,,,20190318181506,,,,,,,,,,,,,,,1,0,,,,,1,1,1,2,MjMwOToxLDIzMTA6MiwyMzAyOjc0LDIzMDM6MjE1MjgsMjMxMToxOTg4NSwyMzA0OjgyLDIzMDU6MzgyMCwyMzA2Ojk5NjA=|MjMwOToyLDIzMTA6NCwyMzAyOjY3LDIzMDM6MjAwMDAsMjMxMToyMDAwMCwyMzA0OjY3LDIzMDU6MzgzMCwyMzA2OjEwMDAw,,,,,,,,,,,,,,,,,,79,,,,0,,,,,,0,0,0,0,0,0,0,0,0,0,,0,,20190318
0a8de371ad684895bdc163c770eabbe2,20190318181236,,,,,,,,,,,,,NA,REALTIME,,,,,,2_1_1,,,,,,,,,,,,,,,,,,,,,,,,,,,,,,,,,,,1,1552904637571,0,,,,,,,,,20190318181236,,,,,,,,,,,,,,,,,,,,,,,,,,,,,,,,,,,,,,,,,,,,,,,,,,,,,,,,,,,,,,,,,,20190318
0a8de371ad684895bdc163c770eabbe2,20190318074121,222,-232,89,3967,4138,4127,,12,12,32960,,,NA,REALTIME,,,0,24,402882d2605055e9016053981adb38b5,2_1_1,1,,1,,58,30,1,0,0,,,,,,,14,,,0,0,0,0,,0,0,,0,2610,,24,0,,0,1,1,1552866271249,0,0,0,,,,2,,,20190318074121,,,,,,,,,,,,,,,1,0,,,,,1,1,1,2,MjMwOToxLDIzMTA6MiwyMzAyOjY4LDIzMDM6MjEyNTgsMjMxMToxOTE1MCwyMzA0OjYwLDIzMDU6Mzk2MCwyMzA2Ojk3ODA=|MjMwOToyLDIzMTA6NCwyMzAyOjQ5LDIzMDM6MjAwMjIsMjMxMToyMDAwMCwyMzA0OjUyLDIzMDU6Mzk3MCwyMzA2OjEwMDAw,,,,,,,,,,,,,,,,,,89,,,,0,,,,,,0,0,0,0,0,0,0,0,0,0,,0,,20190318
0a8de371ad684895bdc163c770eabbe2,20190318075221,208,77,88,3940,4108,4099,,13,12,32980,,,NA,REALTIME,,,0,15,402882d2605055e9016053981adb38b5,2_1_1,1,,1,,32,68,1,0,0,,,,,,,14,,,0,0,0,0,,0,0,,0,2595,,24,0,,0,1,1,1552866955622,0,20,0,,,,3,,,20190318075221,,,,,,,,,,,,,,,0,1,,,,,1,1,1,2,MjMwOToxLDIzMTA6MSwyMzAyOjcwLDIzMDM6MjEyMTMsMjMxMToyMDE4NSwyMzA0OjY4LDIzMDU6MzkyMCwyMzA2OjEwMDcw|MjMwOToyLDIzMTA6NCwyMzAyOjU0LDIzMDM6MjAwMDAsMjMxMToyMDAwMCwyMzA0OjU0LDIzMDU6MzkzMCwyMzA2OjEwMDAw,,,,,,,,,,,,,,,,,,88,,,,0,,,,,,0,0,0,0,0,0,0,0,0,0,,0,,20190318
0a8de371ad684895bdc163c770eabbe2,20190318111422,309,-127,85,3910,4078,4067,,13,12,33080,,,NA,REALTIME,,,0,24,402882d2605055e9016053981adb38b5,2_1_1,1,,1,,91,20,1,0,0,,,,,,,14,,,0,0,0,0,,0,0,,0,2590,,18,0,,0,1,1,1552878991969,0,120,0,,,,2,,,20190318111422,,,,,,,,,,,,,,,1,0,,,,,1,1,1,2,MjMwOToxLDIzMTA6MiwyMzAyOjcwLDIzMDM6MjE3ODQsMjMxMToxOTY3NSwyMzA0Ojc1LDIzMDU6Mzg5MCwyMzA2Ojk4NzA=|MjMwOToyLDIzMTA6NCwyMzAyOjU4LDIzMDM6MjAwMDAsMjMxMToyMDAwMCwyMzA0OjU3LDIzMDU6MzkxMCwyMzA2OjEwMDAw,,,,,,,,,,,,,,,,,,85,,,,0,,,,,,0,0,0,0,0,0,0,0,0,0,,0,,20190318
0a8de371ad684895bdc163c770eabbe2,20190318111952,0,10,84,3897,4062,4053,,13,12,33110,,,NA,REALTIME,,,0,24,402882d2605055e9016053981adb38b5,2_1_1,1,,1,,32,68,1,0,0,,,,,,,14,,,0,0,0,0,,0,0,,0,2617,,10,0,,0,1,1,1552879324368,0,150,0,,,,3,,,20190318111952,,,,,,,,,,,,,,,1,1,,,,,1,1,1,2,MjMwOToxLDIzMTA6MSwyMzAyOjY3LDIzMDM6MjAwMDAsMjMxMToyMDA2NSwyMzA0Ojc1LDIzMDU6Mzg4MCwyMzA2OjEwMDAw|MjMwOToyLDIzMTA6NCwyMzAyOjYwLDIzMDM6MjAwMDAsMjMxMToyMDAwMCwyMzA0OjU5LDIzMDU6Mzg5MCwyMzA2OjEwMDAw,,,,,,,,,,,,,,,,,,84,,,,0,,,,,,0,0,0,0,0,0,0,0,0,0,,0,,20190318
0a8de371ad684895bdc163c770eabbe2,20190318181636,29,40,79,3835,3998,3988,,17,16,33320,,,NA,REALTIME,,,0,24,402882d2605055e9016053981adb38b5,2_1_1,1,,1,,32,68,1,0,0,,,,,,,14,,,0,0,0,0,,0,0,,0,2602,,22,0,,0,1,1,1552904680396,0,360,0,,,,3,,,20190318181636,,,,,,,,,,,,,,,0,1,,,,,1,1,1,2,MjMwOToxLDIzMTA6MSwyMzAyOjc3LDIzMDM6MjAxNzksMjMxMToyMDM3MCwyMzA0Ojc5LDIzMDU6MzgxMCwyMzA2OjEwMDMw|MjMwOToyLDIzMTA6NCwyMzAyOjY4LDIzMDM6MjAwMDAsMjMxMToyMDAwMCwyMzA0OjY3LDIzMDU6MzgyMCwyMzA2OjEwMDAw,,,,,,,,,,,,,,,,,,79,,,,0,,,,,,0,0,0,0,0,0,0,0,0,0,,0,,20190318
0a8de371ad684895bdc163c770eabbe2,20190318081451,0,42,87,3932,4100,4090,,13,12,33010,,,NA,REALTIME,,,0,15,402882d2605055e9016053981adb38b5,2_1_1,1,,1,,32,74,1,0,0,,,,,,,14,,,0,0,0,0,,0,0,,0,2595,,24,0,,0,1,1,1552868171795,0,50,0,,,,3,,,20190318081451,,,,,,,,,,,,,,,0,1,,,,,1,1,1,2,MjMwOToxLDIzMTA6MSwyMzAyOjY3LDIzMDM6MjAwNjcsMjMxMToyMDczNSwyMzA0OjY1LDIzMDU6MzkxMCwyMzA2OjEwMDIw|MjMwOToyLDIzMTA6NCwyMzAyOjU4LDIzMDM6MjAwMzksMjMxMToyMDAwMCwyMzA0OjU3LDIzMDU6MzkyMCwyMzA2OjEwMDAw,,,,,,,,,,,,,,,,,,87,,,,0,,,,,,0,0,0,0,0,0,0,0,0,0,,0,,20190318
0a8de371ad684895bdc163c770eabbe2,20190318080521,0,9,88,3937,4106,4096,,13,12,33000,,,NA,REALTIME,,,0,15,402882d2605055e9016053981adb38b5,2_1_1,1,,1,,32,68,1,0,0,,,,,,,14,,,0,0,0,0,,0,0,,0,2595,,24,0,,0,1,1,1552867751579,0,40,0,,,,3,,,20190318080521,,,,,,,,,,,,,,,1,1,,,,,1,1,1,2,MjMwOToxLDIzMTA6MSwyMzAyOjYxLDIzMDM6MjAwMDEsMjMxMToyMDA0MCwyMzA0OjcyLDIzMDU6MzkyMCwyMzA2OjEwMDAw|MjMwOToyLDIzMTA6NCwyMzAyOjU3LDIzMDM6MjAwMDAsMjMxMToyMDAwMCwyMzA0OjU2LDIzMDU6MzkzMCwyMzA2OjEwMDAw,,,,,,,,,,,,,,,,,,88,,,,0,,,,,,0,0,0,0,0,0,0,0,0,0,,0,,20190318
0a8de371ad684895bdc163c770eabbe2,20190318083918,148,364,86,3890,4058,4046,,13,12,33050,,,NA,REALTIME,,,0,23,402882d2605055e9016053981adb38b5,2_1_1,1,,1,,32,94,1,0,0,,,,,,,14,,,0,0,0,0,,0,0,,0,2607,,24,0,,0,1,1,1552869725001,0,90,0,,,,3,,,20190318083918,,,,,,,,,,,,,,,0,1,,,,,1,1,1,2,MjMwOToxLDIzMTA6MSwyMzAyOjgzLDIzMDM6MjA4ODEsMjMxMToyMTI0NSwyMzA0OjgyLDIzMDU6Mzg3MCwyMzA2OjEwMzcw|MjMwOToyLDIzMTA6NCwyMzAyOjU2LDIzMDM6MjAwMDEsMjMxMToyMDAwMCwyMzA0OjU2LDIzMDU6Mzg4MCwyMzA2OjEwMDAw,,,,,,,,,,,,,,,,,,86,,,,0,,,,,,0,0,0,0,0,0,0,0,0,0,,0,,20190318
0a8de371ad684895bdc163c770eabbe2,20190318074821,620,922,89,3877,4046,4033,,13,12,32970,,,NA,REALTIME,,,0,15,402882d2605055e9016053981adb38b5,2_1_1,1,,1,,96,68,1,0,0,,,,,,,14,,,0,0,0,0,,0,0,,0,2600,,24,0,,0,1,1,1552866697577,0,10,0,,,,3,,,20190318074821,,,,,,,,,,,,,,,0,1,,,,,1,1,1,2,MjMwOToxLDIzMTA6MSwyMzAyOjY4LDIzMDM6MjM2MDIsMjMxMToyMDMxNSwyMzA0OjYxLDIzMDU6Mzg2MCwyMzA2OjEwMzQw|MjMwOToyLDIzMTA6MSwyMzAyOjcxLDIzMDM6MjY0MjAsMjMxMToyMDMwMCwyMzA0OjUyLDIzMDU6Mzg3MCwyMzA2OjEwNjEw,,,,,,,,,,,,,,,,,,89,,,,0,,,,,,0,0,0,0,0,0,0,0,0,0,,0,,20190318
0a8de371ad684895bdc163c770eabbe2,20190318080351,138,28,88,3930,4097,4086,,13,12,32990,,,NA,REALTIME,,,0,23,402882d2605055e9016053981adb38b5,2_1_1,1,,1,,32,68,1,0,0,,,,,,,14,,,0,0,0,0,,0,0,,0,2595,,24,0,,0,1,1,1552867744471,0,30,0,,,,3,,,20190318080351,,,,,,,,,,,,,,,0,1,,,,,1,1,1,2,MjMwOToxLDIzMTA6MSwyMzAyOjY4LDIzMDM6MjA4MDcsMjMxMToyMDAxNSwyMzA0Ojc1LDIzMDU6MzkxMCwyMzA2OjEwMDAw|MjMwOToyLDIzMTA6NCwyMzAyOjU3LDIzMDM6MjAwMDAsMjMxMToyMDAwMCwyMzA0OjU2LDIzMDU6MzkzMCwyMzA2OjEwMDAw,,,,,,,,,,,,,,,,,,88,,,,0,,,,,,0,0,0,0,0,0,0,0,0,0,,0,,20190318
0a8de371ad684895bdc163c770eabbe2,20190318075021,551,143,88,3930,4097,4086,,13,12,32980,,,NA,REALTIME,,,0,15,402882d2605055e9016053981adb38b5,2_1_1,1,,1,,5,68,1,0,0,,,,,,,14,,,0,0,0,0,,0,0,,0,2592,,24,0,,0,1,1,1552866876809,0,20,0,,,,3,,,20190318075021,,,,,,,,,,,,,,,0,1,,,,,1,1,1,2,MjMwOToxLDIzMTA6MSwyMzAyOjY0LDIzMDM6MjMxOTIsMjMxMToyMDEzMCwyMzA0OjcyLDIzMDU6MzkxMCwyMzA2OjEwMTIw|MjMwOToyLDIzMTA6NCwyMzAyOjU0LDIzMDM6MjAwMDEsMjMxMToyMDAwMCwyMzA0OjU2LDIzMDU6MzkyMCwyMzA2OjEwMDAw,,,,,,,,,,,,,,,,,,88,,,,0,,,,,,0,0,0,0,0,0,0,0,0,0,,0,,20190318
0a8de371ad684895bdc163c770eabbe2,20190318111622,0,10,85,3902,4067,4059,,13,12,33090,,,NA,REALTIME,,,0,24,402882d2605055e9016053981adb38b5,2_1_1,1,,1,,32,68,1,0,0,,,,,,,14,,,0,0,0,0,,0,0,,0,2615,,18,0,,0,1,1,1552879045819,0,130,0,,,,3,,,20190318111622,,,,,,,,,,,,,,,1,1,,,,,1,1,1,2,MjMwOToxLDIzMTA6MSwyMzAyOjY1LDIzMDM6MjAwMDEsMjMxMToyMDA2NSwyMzA0Ojc1LDIzMDU6Mzg4MCwyMzA2OjEwMDAw|MjMwOToyLDIzMTA6NCwyMzAyOjU5LDIzMDM6MjAwMDEsMjMxMToyMDAwMCwyMzA0OjU4LDIzMDU6MzkwMCwyMzA2OjEwMDAw,,,,,,,,,,,,,,,,,,85,,,,0,,,,,,0,0,0,0,0,0,0,0,0,0,,0,,20190318
0a8de371ad684895bdc163c770eabbe2,20190318074151,0,11,89,3955,4124,4114,,12,12,32960,,,NA,REALTIME,,,0,24,402882d2605055e9016053981adb38b5,2_1_1,1,,1,,5,34,1,0,0,,,,,,,14,,,0,0,0,0,,0,0,,0,2602,,24,0,,0,1,1,1552866280340,0,0,0,,,,3,,,20190318074151,,,,,,,,,,,,,,,1,1,,,,,1,1,1,2,MjMwOToxLDIzMTA6MSwyMzAyOjU1LDIzMDM6MjAwMDAsMjMxMToyMDA4NSwyMzA0OjYzLDIzMDU6Mzk0MCwyMzA2OjEwMDAw|MjMwOToyLDIzMTA6NCwyMzAyOjUwLDIzMDM6MjAwMDAsMjMxMToyMDAwMCwyMzA0OjUyLDIzMDU6Mzk1MCwyMzA2OjEwMDAw,,,,,,,,,,,,,,,,,,89,,,,0,,,,,,0,0,0,0,0,0,0,0,0,0,,0,,20190318
0a8de371ad684895bdc163c770eabbe2,20190318083348,0,10,86,3920,4088,4078,,13,12,33030,,,NA,REALTIME,,,0,23,402882d2605055e9016053981adb38b5,2_1_1,1,,1,,35,94,1,0,0,,,,,,,14,,,0,0,0,0,,0,0,,0,2595,,24,0,,0,1,1,1552869313967,0,70,0,,,,3,,,20190318083348,,,,,,,,,,,,,,,1,1,,,,,1,1,1,2,MjMwOToxLDIzMTA6MSwyMzAyOjYxLDIzMDM6MjAwMDEsMjMxMToyMDAzMCwyMzA0OjgwLDIzMDU6MzkwMCwyMzA2OjEwMDAw|MjMwOToyLDIzMTA6NCwyMzAyOjU1LDIzMDM6MjAwMDAsMjMxMToyMDAwMCwyMzA0OjU1LDIzMDU6MzkxMCwyMzA2OjEwMDAw,,,,,,,,,,,,,,,,,,86,,,,0,,,,,,0,0,0,0,0,0,0,0,0,0,,0,,20190318
0a8de371ad684895bdc163c770eabbe2,20190318083618,0,9,86,3917,4085,4075,,13,12,33040,,,NA,REALTIME,,,0,23,402882d2605055e9016053981adb38b5,2_1_1,1,,1,,49,22,1,0,0,,,,,,,14,,,0,0,0,0,,0,0,,0,2607,,24,0,,0,1,1,1552869433696,0,80,0,,,,3,,,20190318083618,,,,,,,,,,,,,,,1,1,,,,,1,1,1,2,MjMwOToxLDIzMTA6MSwyMzAyOjYzLDIzMDM6MjAwMDEsMjMxMToyMDAzMCwyMzA0OjgyLDIzMDU6MzkwMCwyMzA2OjEwMDAw|MjMwOToyLDIzMTA6NCwyMzAyOjU1LDIzMDM6MjAwMDAsMjMxMToyMDAwMCwyMzA0OjU1LDIzMDU6MzkxMCwyMzA2OjEwMDAw,,,,,,,,,,,,,,,,,,86,,,,0,,,,,,0,0,0,0,0,0,0,0,0,0,,0,,20190318
0a8de371ad684895bdc163c770eabbe2,20190318181706,3,78,79,3832,3996,3987,,17,16,33320,,,NA,REALTIME,,,0,24,402882d2605055e9016053981adb38b5,2_1_1,1,,1,,32,75,1,0,0,,,,,,,13,,,0,0,0,0,,0,0,,0,2602,,22,0,,0,1,1,1552904688530,0,360,0,,,,3,,,20190318181706,,,,,,,,,,,,,,,0,1,,,,,1,1,1,2,MjMwOToxLDIzMTA6MSwyMzAyOjg5LDIzMDM6MTk5NzQsMjMxMToxODYyMCwyMzA0Ojc4LDIzMDU6MzgxMCwyMzA2OjEwMDIw|MjMwOToyLDIzMTA6NCwyMzAyOjY4LDIzMDM6MjAwMDEsMjMxMToyMDAwMCwyMzA0OjY3LDIzMDU6MzgyMCwyMzA2OjEwMDAw,,,,,,,,,,,,,,,,,,79,,,,0,,,,,,0,0,0,0,0,0,0,0,0,0,,0,,20190318
0a8de371ad684895bdc163c770eabbe2,20190318074421,73,58,89,3950,4119,4109,,13,12,32960,,,NA,REALTIME,,,0,15,402882d2605055e9016053981adb38b5,2_1_1,1,,1,,82,20,1,0,0,,,,,,,14,,,0,0,0,0,,0,0,,0,2597,,24,0,,0,1,1,1552866457065,0,0,0,,,,3,,,20190318074421,,,,,,,,,,,,,,,0,1,,,,,1,1,1,2,MjMwOToxLDIzMTA6MSwyMzAyOjU2LDIzMDM6MjA0NDAsMjMxMToyMDM2NSwyMzA0OjY3LDIzMDU6MzkzMCwyMzA2OjEwMDYw|MjMwOToyLDIzMTA6NCwyMzAyOjUyLDIzMDM6MjAwMDAsMjMxMToyMDAwMCwyMzA0OjUxLDIzMDU6Mzk1MCwyMzA2OjEwMDAw,,,,,,,,,,,,,,,,,,89,,,,0,,,,,,0,0,0,0,0,0,0,0,0,0,,0,,20190318
0a8de371ad684895bdc163c770eabbe2,20190318075521,0,9,88,3942,4111,4101,,13,12,32980,,,NA,REALTIME,,,0,15,402882d2605055e9016053981adb38b5,2_1_1,1,,1,,32,68,1,0,0,,,,,,,14,,,0,0,0,0,,0,0,,0,2602,,24,0,,0,1,1,1552867232353,0,20,0,,,,3,,,20190318075521,,,,,,,,,,,,,,,1,1,,,,,1,1,1,2,MjMwOToxLDIzMTA6MSwyMzAyOjU5LDIzMDM6MjAwMDAsMjMxMToyMDAzMCwyMzA0OjcxLDIzMDU6MzkzMCwyMzA2OjEwMDAw|MjMwOToyLDIzMTA6NCwyMzAyOjU1LDIzMDM6MjAwMDEsMjMxMToyMDAwMCwyMzA0OjU1LDIzMDU6Mzk0MCwyMzA2OjEwMDAw,,,,,,,,,,,,,,,,,,88,,,,0,,,,,,0,0,0,0,0,0,0,0,0,0,,0,,20190318
0a8de371ad684895bdc163c770eabbe2,20190318081051,97,157,87,3927,4094,4085,,13,12,33000,,,NA,REALTIME,,,0,15,402882d2605055e9016053981adb38b5,2_1_1,1,,1,,32,68,1,0,0,,,,,,,14,,,0,0,0,0,,0,0,,0,2612,,24,0,,0,1,1,1552867967700,0,40,0,,,,3,,,20190318081051,,,,,,,,,,,,,,,0,1,,,,,1,1,1,2,MjMwOToxLDIzMTA6MSwyMzAyOjY1LDIzMDM6MjA1ODUsMjMxMToyMDgyNSwyMzA0OjY5LDIzMDU6MzkxMCwyMzA2OjEwMTgw|MjMwOToyLDIzMTA6NCwyMzAyOjU3LDIzMDM6MjAwMDAsMjMxMToyMDAwMCwyMzA0OjU2LDIzMDU6MzkyMCwyMzA2OjEwMDAw,,,,,,,,,,,,,,,,,,87,,,,0,,,,,,0,0,0,0,0,0,0,0,0,0,,0,,20190318
0a8de371ad684895bdc163c770eabbe2,20190318074951,89,327,89,3930,4098,4089,,13,12,32970,,,NA,REALTIME,,,0,15,402882d2605055e9016053981adb38b5,2_1_1,1,,1,,32,68,1,0,0,,,,,,,14,,,0,0,0,0,,0,0,,0,2600,,24,0,,0,1,1,1552866864685,0,10,0,,,,3,,,20190318074951,,,,,,,,,,,,,,,0,1,,,,,1,1,1,2,MjMwOToxLDIzMTA6MSwyMzAyOjc0LDIzMDM6MjA1NDcsMjMxMToyMTY0NSwyMzA0OjY2LDIzMDU6MzkxMCwyMzA2OjEwMzMw|MjMwOToyLDIzMTA6NCwyMzAyOjU0LDIzMDM6MjAwMDcsMjMxMToyMDAwMCwyMzA0OjU2LDIzMDU6MzkyMCwyMzA2OjEwMDAw,,,,,,,,,,,,,,,,,,89,,,,0,,,,,,0,0,0,0,0,0,0,0,0,0,,0,,20190318
0a8de371ad684895bdc163c770eabbe2,20190318081921,461,-238,87,3935,4103,4091,,13,12,33020,,,NA,REALTIME,,,0,15,402882d2605055e9016053981adb38b5,2_1_1,1,,1,,4,75,1,0,0,,,,,,,14,,,0,0,0,0,,0,0,,0,2607,,24,0,,0,1,1,1552868462562,0,60,0,,,,2,,,20190318081921,,,,,,,,,,,,,,,1,0,,,,,1,1,1,2,MjMwOToxLDIzMTA6MiwyMzAyOjY1LDIzMDM6MjI2NTAsMjMxMToxOTU3MCwyMzA0OjczLDIzMDU6MzkyMCwyMzA2Ojk3MjA=|MjMwOToyLDIzMTA6NCwyMzAyOjU0LDIzMDM6MjAwMDAsMjMxMToyMDAwMCwyMzA0OjU3LDIzMDU6MzkzMCwyMzA2OjEwMDAw,,,,,,,,,,,,,,,,,,87,,,,0,,,,,,0,0,0,0,0,0,0,0,0,0,,0,,20190318
0a8de371ad684895bdc163c770eabbe2,20190318083118,314,367,87,3900,4067,4056,,13,12,33020,,,NA,REALTIME,,,0,15,402882d2605055e9016053981adb38b5,2_1_1,1,,1,,91,20,1,0,0,,,,,,,14,,,0,0,0,0,,0,0,,0,2590,,24,0,,0,1,1,1552869153784,0,60,0,,,,3,,,20190318083118,,,,,,,,,,,,,,,0,1,,,,,1,1,1,2,MjMwOToxLDIzMTA6MSwyMzAyOjc0LDIzMDM6MjE4MzQsMjMxMToyMDY3MCwyMzA0OjY2LDIzMDU6Mzg4MCwyMzA2OjEwMzgw|MjMwOToyLDIzMTA6NCwyMzAyOjUzLDIzMDM6MjAwMzMsMjMxMToyMDAwMCwyMzA0OjU2LDIzMDU6Mzg5MCwyMzA2OjEwMDAw,,,,,,,,,,,,,,,,,,87,,,,0,,,,,,0,0,0,0,0,0,0,0,0,0,,0,,20190318
0a8de371ad684895bdc163c770eabbe2,20190318081021,9,43,87,3932,4101,4091,,13,12,33000,,,NA,REALTIME,,,0,15,402882d2605055e9016053981adb38b5,2_1_1,1,,1,,32,68,1,0,0,,,,,,,14,,,0,0,0,0,,0,0,,0,2620,,24,0,,0,1,1,1552867962649,0,40,0,,,,3,,,20190318081021,,,,,,,,,,,,,,,0,1,,,,,1,1,1,2,MjMwOToxLDIzMTA6MSwyMzAyOjY4LDIzMDM6MjAwODIsMjMxMToyMDcyNSwyMzA0OjcwLDIzMDU6MzkxMCwyMzA2OjEwMDMw|MjMwOToyLDIzMTA6NCwyMzAyOjU4LDIzMDM6MjAwMDAsMjMxMToyMDAwMCwyMzA0OjU2LDIzMDU6MzkzMCwyMzA2OjEwMDAw,,,,,,,,,,,,,,,,,,87,,,,0,,,,,,0,0,0,0,0,0,0,0,0,0,,0,,20190318
0a8de371ad684895bdc163c770eabbe2,20190318080021,0,7,88,3940,4108,4098,,13,12,32990,,,NA,REALTIME,,,0,15,402882d2605055e9016053981adb38b5,2_1_1,1,,1,,32,68,1,0,0,,,,,,,15,,,0,0,0,0,,0,0,,0,2595,,24,0,,0,1,1,1552867320194,0,30,0,,,,3,,,20190318080021,,,,,,,,,,,,,,,1,0,,,,,1,1,1,2,MjMwOToxLDIzMTA6NCwyMzAyOjU4LDIzMDM6MjAwMDAsMjMxMToxOTk5NSwyMzA0OjczLDIzMDU6MzkyMCwyMzA2OjEwMDAw|MjMwOToyLDIzMTA6NCwyMzAyOjU2LDIzMDM6MjAwMDAsMjMxMToyMDAwMCwyMzA0OjU1LDIzMDU6MzkzMCwyMzA2OjEwMDAw,,,,,,,,,,,,,,,,,,88,,,,0,,,,,,0,0,0,0,0,0,0,0,0,0,,0,,20190318
0a8de371ad684895bdc163c770eabbe2,20190318074521,0,10,89,3952,4121,4111,,13,12,32970,,,NA,REALTIME,,,0,15,402882d2605055e9016053981adb38b5,2_1_1,1,,1,,32,74,1,0,0,,,,,,,14,,,0,0,0,0,,0,0,,0,2592,,24,0,,0,1,1,1552866502526,0,10,0,,,,3,,,20190318074521,,,,,,,,,,,,,,,1,1,,,,,1,1,1,2,MjMwOToxLDIzMTA6MSwyMzAyOjU4LDIzMDM6MjAwMDEsMjMxMToyMDA2NSwyMzA0OjYzLDIzMDU6Mzk0MCwyMzA2OjEwMDAw|MjMwOToyLDIzMTA6NCwyMzAyOjUzLDIzMDM6MjAwMDAsMjMxMToyMDAwMCwyMzA0OjUxLDIzMDU6Mzk1MCwyMzA2OjEwMDAw,,,,,,,,,,,,,,,,,,89,,,,0,,,,,,0,0,0,0,0,0,0,0,0,0,,0,,20190318
0a8de371ad684895bdc163c770eabbe2,20190318111752,457,78,84,3890,4056,4046,,13,12,33100,,,NA,REALTIME,,,0,24,402882d2605055e9016053981adb38b5,2_1_1,1,,1,,32,75,1,0,0,,,,,,,14,,,0,0,0,0,,0,0,,0,2602,,24,0,,0,1,1,1552879303056,0,140,0,,,,3,,,20190318111752,,,,,,,,,,,,,,,0,1,,,,,1,1,1,2,MjMwOToxLDIzMTA6MSwyMzAyOjY4LDIzMDM6MjI2NDcsMjMxMToyMDA4NSwyMzA0Ojc3LDIzMDU6Mzg3MCwyMzA2OjEwMDcw|MjMwOToyLDIzMTA6NCwyMzAyOjYwLDIzMDM6MjAwMDAsMjMxMToyMDAwMCwyMzA0OjU4LDIzMDU6Mzg4MCwyMzA2OjEwMDAw,,,,,,,,,,,,,,,,,,84,,,,0,,,,,,0,0,0,0,0,0,0,0,0,0,,0,,20190318
